abahunza	462	abahunza
abaunza	154	abaunza
abdegano	638	abdegano
abdenago	474	abdenago
abdul	1270	abdúl
abel	147	abel
abelardo	2113	abelardo
abenicio	1096	abenicio
abraham	465	abraham
abrahan	1175	abrahán
abril	2330	abril
absalon	1633	absalón
acero	1616	acero
acevedo	2427	acevedo
achagua	1728	achagua
acisclo	722	acisclo
acosta	1996	acosta
acuña	1310	acuña
adarve	1082	adarve
adela	315	adela
adelina	1188	adelina
ader	62	ader
adolfo	1583	adolfo
adonai	937	adonai
adriano	1681	adriano
africano	173	africano
agripina	383	agripina
agudelo	1534	agudelo
agueda	137	águeda
aguilar	2185	aguilar
aguilera	360	aguilera
aguillon	423	aguillón
aguirre	2327	aguirre
agustina	1292	agustina
aida	1546	aida
aide	483	aide
alarcon	2390	alarcón
alba	1773	alba
alban	655	alban
albarracin	2446	albarracín
albañil	799	albañil
albeiro	1490	albeiro
alberto	2466	alberto
albornoz	1336	albornóz
alcira	1523	alcira
aldana	307	aldana
aldemar	785	aldemar
alejandra	1098	alejandra
alejandro	2362	alejandro
alexander	2207	alexander
alexandra	1845	alexandra
alexi	457	alexi
alfonso	2473	alfonso
alfredo	2357	alfredo
ali	1323	alí
alicia	238	alicia
alipio	958	alipio
aliria	666	aliria
alirio	2076	alirio
alodia	289	alodia
alonso	2120	alonso
alvado	1338	alvado
alvarado	2412	alvarado
alvarez	2419	álvarez
alvaro	2321	álvaro
alveiro	683	alveiro
amadeo	615	amadeo
amanda	1585	amanda
ambrocio	690	ambrocio
amelia	1700	amelia
amezquita	2102	amézquita
amparo	2305	amparo
ana	2322	ana
anadel	966	anadel
anais	609	anaís
ananias	1663	ananías
anastacio	939	anastacio
anatilde	1537	anatilde
anaversa	364	anaversa
ancizar	636	ancízar
andrade	1485	andrade
andrea	1048	andrea
andres	1631	andrés
angarita	2238	angarita
angel	2286	ángel
angela	2233	ángela
angelberto	970	angelberto
angeles	959	ángeles
angelita	272	angelita
angelmira	280	angelmira
anibal	2022	aníbal
antonia	2300	antonia
antonio	2470	antonio
anunciacion	1940	anunciación
anzola	1469	anzola
aparicio	1930	aparicio
apolinar	42	apolinar
apolonio	962	apolonio
aponte	2063	aponte
apoyome	1178	apoyome
apuleyo	151	apuleyo
aquileo	773	aquileo
aquilino	531	aquilino
aracely	1928	aracely
arambula	765	arámbula
aranda	373	aranda
araque	558	araque
arbelaez	711	arbeláez
arcadio	136	arcadio
arcelino	760	arcelino
arcinegas	201	arcinégas
arciniegas	1092	arciniégas
ardila	1105	ardila
arenas	1952	arenas
arevalo	2151	arévalo
arevalos	999	arévalos
argemiro	1797	argemiro
arguelles	802	arguelles
arguello	2299	argüello
arias	1711	arias
ariel	1193	ariel
arieta	733	arieta
ariosto	1	ariosto
arismendi	1752	arisméndi
aristides	782	aristides
aristizabal	2064	aristizábal
aristobulo	1517	aristóbulo
arles	1002	arles
arlet	581	arlet
arley	2000	arley
arma	914	arma
armando	2226	armando
arnoldo	1189	arnoldo
arnulfo	1906	arnulfo
arocha	1377	arocha
aron	998	arón
arquimedes	2171	arquímedes
arsenio	1824	arsenio
arteaga	792	arteaga
artunduaga	1148	artunduaga
arturo	2115	arturo
ascencion	2016	ascención
ascensio	363	ascensio
asdrubal	1645	asdrúbal
asned	729	asned
astrid	1484	astrid
astrith	192	astrith
asuncion	1650	asunción
atilua	1081	atilúa
audenago	3	audenago
augusto	1998	augusto
aura	865	aura
aureli	759	aureli
aurelio	1874	aurelio
aurora	1713	aurora
auvin	1269	auvin
avela	1141	avela
avella	1779	avella
avellaneda	2420	avellaneda
avendaño	2111	avendaño
avila	2072	ávila
ayala	2049	ayala
aydee	335	aydée
azucena	2038	azucena
bacarez	746	bacarez
badovinac	204	badovinac
baez	2106	báez
balaguera	2124	balaguera
balbino	740	balbino
balboa	486	balboa
balcazar	185	balcázar
ballesteros	2165	ballesteros
balmiro	1325	balmiro
baquero	844	baquero
baracaldo	1524	baracaldo
barahona	1899	barahona
barajas	712	barajas
barbara	2029	bárbara
barbosa	1651	barbosa
barchilon	1278	barchilon
baron	1740	barón
barona	710	barona
barquero	207	barquero
barra	561	barra
barragan	2086	barragán
barrantes	421	barrantes
barrera	2444	barrera
barreto	2349	barreto
barrios	1751	barrios
bartolme	834	bartolmé
basilio	1385	basilio
bastilla	1541	bastilla
baudilio	1416	baudilio
baudon	15	baudón
bautista	2418	bautista
bayona	1754	bayona
beatriz	2365	beatríz
becerra	2441	becerra
bedou	613	bedoú
bedoya	2129	bedoya
beiva	362	beiva
bejarano	1938	bejarano
belalcazar	2166	belalcázar
belarmina	1272	belarmina
belarmino	1573	belarmino
belen	1722	belén
belisario	1239	belisario
belkis	1026	belkis
belkys	281	belkys
bella	90	bella
bellizia	1331	bellizia
belquis	874	belquis
belsy	1016	belsy
beltran	2353	beltrán
benancio	909	benancio
benavides	2385	benavides
benedicto	2311	benedicto
benigno	1145	benigno
benilda	717	benilda
benildo	357	benildo
benitez	2431	benítez
benito	1221	benito
benjamin	2262	benjamín
berdugo	1372	berdugo
berenice	2243	berenice
bermejo	1800	bermejo
bermeo	573	bermeo
bermudez	2294	bermúdez
bernal	2381	bernal
bernarda	896	bernarda
bernardina	2021	bernardina
bernardino	1495	bernardino
bernardo	2155	bernardo
berrio	1130	berrío
berroteran	1943	berroterán
bersabet	515	bersabet
bertha	1838	bertha
bertilda	775	bertilda
betancour	2052	betancour
betancourt	1459	betancourt
betancourth	1543	betancourth
betancur	1625	betancur
betancurt	2105	betancurt
betsabe	312	betsabé
betulia	108	betulia
beyer	1357	beyer
bibiana	1078	bibiana
bienvenido	804	bienvenido
bilbao	803	bilbao
blanca	2399	blanca
blanco	2194	blanco
blum	856	blum
boada	110	boada
bohoquez	1328	bohóquez
bohorquez	2442	bohórquez
bolaños	887	bolaños
bolivar	1974	bolívar
bonifacio	579	bonifacio
bonilla	2103	bonilla
bonza	358	bonza
borja	1829	borja
borras	1529	borras
bosiga	953	bosiga
bosigas	604	bosigas
botello	1810	botello
botero	707	botero
botia	413	botia
bottia	319	bottia
boyaca	1658	boyacá
bran	1332	bran
brando	863	brando
braulio	1156	braulio
bredemir	461	bredemir
brenda	1001	brenda
bricelda	104	bricelda
brigida	80	brígida
brigit	801	brigit
brigith	294	brigith
brijaldo	1926	brijaldo
briseida	512	briseida
brown	1725	brown
brunequilde	588	brunequilde
buenaventura	1866	buenaventura
buitraago	1184	buitraago
buitrago	2482	buitrago
burgos	2019	burgos
buritica	1294	buriticá
bustamante	1743	bustamante
busto	992	busto
bustos	35	bustos
caballero	2023	caballero
cabanzo	1676	cabanzo
cabra	1929	cabra
cabrera	2030	cabrera
cabulo	1477	cabulo
caceres	2173	cáceres
cadavid	1138	cadavid
cahueño	1307	cahueño
caicedo	2004	caicedo
cainaba	1702	cainaba
calderon	2293	calderón
calero	948	calero
callejas	57	callejas
camacho	2320	camacho
camano	1231	camano
camargo	2445	camargo
camberos	520	camberos
camero	299	camero
campo	2213	campo
campoelias	271	campoelías
canal	1317	canal
cancelado	838	cancelado
candia	1429	candia
candida	494	cándida
cano	930	cano
caranton	1206	carantón
carantonio	1349	carantonio
cardenas	2479	cárdenas
cardozo	2387	cardozo
caren	487	caren
carla	188	carla
carlos	2467	carlos
carmela	67	carmela
carmelina	1361	carmelina
carmelo	1720	carmelo
carmen	2415	carmen
carmenza	1656	carmenza
carnica	823	carnica
caro	1660	caro
carranza	1685	carranza
carrasco	471	carrasco
carrera	1412	carrera
carreño	2253	carreño
carvajal	2443	carvajal
carvajalino	885	carvajalino
carzon	1247	carzón
casallas	91	casallas
casanova	84	casanova
casiano	158	casiano
castañeda	2430	castañeda
castaño	756	castaño
casteblanco	2032	casteblanco
castelblanco	1916	castelblanco
castellano	124	castellano
castellanos	2378	castellanos
castiblanco	2364	castiblanco
castilla	424	castilla
castillo	2319	castillo
castrillon	758	castrillón
castro	2281	castro
catalina	595	catalina
cataño	713	cataño
caterine	1401	caterine
catimay	526	catimay
caviedes	1721	caviedes
cavieles	634	cavieles
cayetano	991	cayetano
cañadulce	278	cañadulce
cañizales	603	cañizales
cañon	1941	cañón
cecilia	2447	cecilia
cecilio	52	cecilio
cedeño	1807	cedeño
cediel	347	cediel
ceila	94	ceila
celedonio	1152	celedonio
celestino	1744	celestino
celina	1648	celina
celis	614	celis
celso	1057	celso
cely	1885	cely
cendales	1131	cendales
cened	1354	cened
cepeda	2325	cepeda
cequera	1224	cequera
cercado	1237	cercado
ceron	1617	cerón
cervantes	1483	cervantes
cesar	1995	césar
cespedes	2053	céspedes
cetro	668	cetro
chacin	1383	chacín
chaparro	2401	chaparro
charles	276	charles
chavarro	408	chavarro
chaverra	519	chaverra
chavez	2059	chávez
chavita	125	chavita
chia	1708	chía
chillan	1183	chillán
chinchilla	1815	chinchilla
chiquillo	1327	chiquillo
chiquinquira	832	chiquinquirá
chirivi	182	chirivi
choconta	1127	chocontá
cibo	1043	cibo
cielo	111	cielo
cifuentes	2389	cifuentes
cilia	1831	cilia
cipacon	34	cipacón
cipagauta	2193	cipagauta
cipamocha	1967	cipamocha
ciranicicua	1578	ciranicicua
circunsicion	1264	circunsición
ciro	1771	ciro
cisneros	973	cisneros
civel	820	civel
claribel	1142	claribel
clarivel	1140	clarivel
claudia	2184	claudia
clavijo	879	clavijo
clemencia	2094	clemencia
clemente	392	clemente
cleonimo	924	cleónimo
cleotilde	123	cleotilde
cley	453	cley
climaco	1399	clímaco
clodomiro	632	clodomiro
clodosinda	63	clodosinda
cloromiro	1125	cloromiro
clovaldo	1053	clovaldo
clovis	38	clovis
cloviz	251	cloviz
cobo	224	cobo
cocinero	721	cocinero
cojo	956	cojo
colmenares	2361	colmenares
colombia	1868	colombia
combariza	1544	combariza
conave	145	conave
concepcion	2301	concepción
consejo	535	consejo
consicion	1364	consición
constantino	849	constantino
constanza	2031	constanza
consuelo	1455	consuelo
continchara	129	continchara
contreras	2366	contreras
corazon	1129	corazón
cordero	1687	cordero
cordoba	2273	córdoba
coronado	2158	coronado
coronel	1411	coronel
correa	2090	correa
correales	243	correales
corredor	2400	corredor
corso	925	corso
cortazar	189	cortázar
cortes	805	cortés
corzo	777	corzo
cosecha	202	cosecha
cote	566	cote
crisanto	371	crisanto
cristancho	2402	cristancho
cristian	498	cristian
cristiano	1856	cristiano
cristina	2236	cristina
cristo	1561	cristo
cristobal	2280	cristóbal
cruz	2222	cruz
cualla	516	cualla
cubides	2212	cubides
cubillos	1085	cubillos
cuburuco	1707	cuburuco
cucanchon	30	cucanchón
cuchigay	800	cuchigay
cucunuba	1341	cucunubá
cuellar	503	cuéllar
cuervo	376	cuervo
cuevas	2153	cuevas
culma	1768	culma
culman	833	culman
cupasachoa	1298	cupasachoa
curtidor	1689	curtidor
cusaria	1248	cusaría
custodia	1550	custodia
custodio	1679	custodio
cutiva	1440	cutiva
cutiño	1134	cutiño
daisy	1277	daisy
dalila	1817	dalila
dallos	664	dallos
damian	1154	damián
damile	138	damile
daniel	1890	daniel
danila	1167	danila
danilo	379	danilo
dario	1165	darío
darley	163	darley
dary	1914	dary
david	244	david
daza	1519	daza
de	2220	de
debora	432	débora
deisy	936	deisy
del	2260	del
delcy	830	delcy
delfina	41	delfina
delgadillo	1882	delgadillo
delgado	1983	delgado
delmar	812	delmar
demetrio	1979	demetrio
democrito	268	demócrito
denice	1018	denice
denire	537	denire
denis	407	denis
deniz	219	deniz
denys	1214	denys
deogracias	1762	deogracias
deomedes	370	deomedes
depablo	941	depablo
desenia	741	desenia
desiderio	1904	desiderio
deyanira	1391	deyanira
dia	1049	día
diana	1871	diana
diaz	2358	díaz
didier	986	didier
didimo	627	dídimo
dilia	1737	dilia
dilsa	1230	dilsa
dinael	1252	dinael
dinarco	1062	dinarco
dince	943	dince
diocides	292	diocides
dioclides	891	dioclides
diogenes	1577	diógenes
diomedes	1642	diomédes
diomedez	174	diomédez
diomira	981	diomira
dione	442	dione
dionisia	1066	dionisia
dionisio	1335	dionisio
dios	1853	dios
diosa	882	diosa
diosde	783	diosde
dioselina	1804	dioselina
diva	577	diva
dolis	0	dolis
dolores	2256	dolores
domingo	2214	domingo
domitila	1820	domitila
donaldo	1276	donaldo
donato	1736	donato
doncel	7	doncel
donima	619	donima
donoso	1799	donoso
doralba	1505	doralba
dorcinda	1405	dorcinda
dorelly	860	dorelly
doris	327	doris
dorita	610	dorita
dorly	1261	dorly
dositeo	1403	dositeo
douglas	1667	douglas
drigelio	1208	drigelio
drugelio	180	drugelio
duarte	1697	duarte
dueñas	2306	dueñas
dueñez	842	dueñez
duffay	1027	duffay
dugand	51	dugand
duitama	1173	duitama
dumas	1386	dumas
duran	2187	durán
durango	122	durango
dusan	538	dusán
dustano	1794	dustano
eccehomo	921	eccehomo
echavarria	65	echavarría
echenique	926	echenique
echeverri	228	echeverri
echeverria	2265	echeverría
echeverry	1207	echeverry
edelmira	2087	edelmira
eden	720	eden
edgar	2406	edgar
edgardo	1202	edgardo
edid	1508	edid
edigio	354	edigio
edilberto	2284	edilberto
edilia	2182	edilia
edilio	1596	edilio
edilma	2211	edilma
edilsa	1588	edilsa
edilson	1144	edilson
edinson	915	edinson
edise	1190	edise
edison	847	edison
edita	628	edita
edith	2360	edith
edmundo	1342	edmundo
edna	1579	edna
eduard	1260	eduard
eduardo	2405	eduardo
eduviges	2061	eduviges
eduvina	44	eduvina
edward	1262	edward
edwin	2148	edwin
efigenia	1936	efigenia
efrain	1893	efraín
efren	377	efrén
egue	229	egue
eileen	1011	eileen
eladio	2228	eladio
elba	497	elba
elberth	451	elberth
elcira	162	elcira
elcy	267	elcy
eleazar	2089	eleázar
elena	1609	elena
eleuterio	1099	eleuterio
elfa	1410	elfa
eliade	341	eliade
eliades	952	eliades
eliana	1489	eliana
elias	2128	elías
elibardo	725	elibardo
elicenia	17	elicenia
elicerio	906	elicerio
elidia	1068	elidia
eliecer	2323	eliécer
elina	1103	elina
eliodoro	1117	eliodoro
elisa	1467	elisa
elisenia	1225	elisenia
eliseo	12	eliseo
elisinda	631	elisinda
elizabeth	2372	elizabeth
elizalde	366	elizalde
elkin	473	elkin
elmer	390	elmer
elmira	304	elmira
elmo	1228	elmo
elogia	149	elogia
elogio	403	elogio
eloima	217	eloima
eloisa	1368	eloísa
eloy	117	eloy
elpidia	1418	elpidia
elpidio	876	elpidio
elsa	1528	elsa
elsy	993	elsy
eltimio	308	eltimio
elvecina	144	elvecina
elver	1780	elver
elverth	857	elverth
elvia	1435	elvia
elviatila	788	elviatila
elvinia	818	elvinia
elvis	1805	elvis
embus	1413	embus
emel	594	emel
emeregildo	19	emeregildo
emerejildo	1316	emerejildo
emerita	1433	emérita
emeterio	1603	emeterio
emidio	1244	emidio
emigdio	2088	emigdio
emilda	774	emilda
emilia	2034	emilia
emiliano	1641	emiliano
emilio	2067	emilio
emir	1818	emir
emira	1606	emira
emma	2044	emma
emperatriz	1863	emperatríz
empidia	1710	empidia
empidio	1572	empidio
enciso	533	enciso
enelcito	1060	enelcito
enelia	749	enelia
engracia	867	engracia
enith	1124	enith
enrico	724	enrico
enrique	2407	enrique
enriqueta	1023	enriqueta
ensueño	414	ensueño
epaminondas	1848	epaminondas
eparquio	1334	eparquio
epifania	1392	epifanía
epifanio	1562	epifanio
epimenia	739	epimenia
epimenio	1319	epimenio
epulerio	501	epulerio
eraldo	387	eraldo
erasmo	2230	erasmo
ercilda	513	ercilda
ercinda	1622	ercinda
erculano	166	erculano
erica	1503	érica
erie	902	erie
erika	872	erika
erikson	620	erikson
eriselva	240	eriselva
erisinda	836	erisinda
ermelina	4	ermelina
ermeregildo	715	ermeregildo
ermides	195	ermides
ernestina	2013	ernestina
ernesto	2345	ernesto
erwin	1407	erwin
esau	1422	esaú
escalante	1580	escalante
escalona	639	escalona
escamilla	766	escamilla
escarraga	495	escárraga
escipion	496	escipión
esclamacion	685	esclamación
esclavacion	24	esclavación
escobar	1249	escobar
esguerra	1532	esguerra
eslava	1531	eslava
esmeraldas	1320	esmeraldas
esneda	1515	esneda
espalsa	321	espalsa
española	1093	española
esperanza	2178	esperanza
espindola	285	espíndola
espinel	754	espinel
espinosa	2337	espinosa
espiritu	1992	espíritu
espitia	2435	espitia
esposorio	669	esposorio
esquivel	1806	esquivel
estanislao	1977	estanislao
estaurofilo	1739	estaurofilo
esteban	1970	estéban
estela	1896	estela
estepa	1400	estepa
ester	340	ester
estevez	1865	estévez
esthela	1373	esthela
esther	2176	esther
estolgio	1388	estolgio
estrella	2240	estrella
estupiñan	2450	estupiñán
esturofilo	1460	esturofilo
esusenio	11	esusenio
etelvina	1501	etelvina
eucaris	1395	eucaris
euclides	1083	euclides
eudilio	88	eudilio
eudocia	1179	eudocia
eudora	654	eudora
eudoro	1907	eudoro
eudosia	527	eudosia
eufracio	871	eufracio
eugenia	2248	eugenia
eugenio	1647	eugenio
eulalia	1369	eulalia
eulegelo	298	eulegelo
eulejelo	1636	eulejelo
eulises	562	eulises
eulogio	399	eulogio
eunice	27	eunice
euripides	2227	eurípides
euscategui	880	euscátegui
eusebio	2191	eusebio
eustacio	1160	eustacio
eustaquio	2170	eustaquio
eutimio	1472	eutimio
eutiquiano	1920	eutiquiano
eutiquio	73	eutiquio
eva	398	eva
evangelina	2132	evangelina
evangelino	899	evangelino
evangelista	2040	evangelista
evaristo	545	evaristo
evelia	76	evelia
evelina	433	evelina
evelio	1151	evelio
evelyn	1200	evelyn
ever	1834	ever
everardo	339	everardo
evergisto	283	evergisto
evert	719	evert
evidalio	1378	evidalio
evita	37	evita
excehomo	2231	excehomo
exehomo	310	exehomo
exenover	1050	exenover
exneider	55	exneider
expedito	1653	expedito
eysy	127	eysy
ezequiel	1666	ezequiel
faber	1091	faber
fabian	156	fabián
fabiola	1619	fabiola
fabriciano	1032	fabriciano
facundo	1846	facundo
faid	629	faid
fajardo	1927	fajardo
falck	1118	falck
fandiño	1879	fandiño
fanny	1910	fanny
fany	1324	fany
faracica	811	faracica
farasica	1075	farasica
faresica	1283	faresica
farfan	2326	farfán
farias	1629	farías
farid	1005	farid
faunir	1158	faunir
faura	1500	faura
faustino	1901	faustino
feber	325	feber
feliciano	702	feliciano
felicita	49	felicita
felipe	2036	felípe
felix	2219	félix
ferias	1155	ferias
ferlein	544	ferleín
ferman	56	fermán
fermin	2104	fermín
fernanda	1757	fernanda
fernandez	2396	fernández
fernando	2380	fernando
ferney	1987	ferney
ferreira	1632	ferreira
ferrucho	235	ferrucho
fetecua	1121	fetecua
fibracio	1097	fibracio
fidedigna	429	fidedigna
fidel	1493	fidel
fideligna	2112	fideligna
fideligno	1783	fideligno
figueredo	2352	figueredo
figueroa	2433	figueroa
filadelfia	786	filadelfia
filemon	1837	filemón
filipo	1300	filipo
fino	1253	fino
firacative	2202	firacative
firavitoba	723	firavitoba
fitfield	955	fitfield
flaminio	2296	flaminio
flavia	735	flavia
flavio	1227	flavio
flechas	1430	flechas
flor	2232	flor
floralba	2215	floralba
floranda	960	floranda
florangela	884	florángela
florelba	409	florelba
florentino	1881	florentino
flores	425	flóres
floresmiro	624	floresmiro
florez	2037	flórez
florian	1506	florián
floriberto	935	floriberto
florinda	484	florinda
floripes	1250	floripes
florisene	1236	florisene
floro	976	floro
flover	1302	flover
fonque	550	fonque
fonseca	2454	fonseca
fontalvo	277	fontalvo
forero	2329	forero
forigua	1313	forigua
fosion	737	fosión
fracila	920	fracila
fraile	551	fraile
francelina	738	francelina
franci	1169	franci
francisca	1564	francisca
francisco	2471	francisco
franco	2150	franco
francy	1474	francy
franklin	2177	franklin
franklyn	1661	franklyn
franqui	1985	franqui
fravio	569	fravio
fredesminda	1958	fredesminda
fredi	2017	fredi
fredy	2261	fredy
freite	227	freite
fresneda	1767	fresneda
frias	591	frías
frigida	521	frígida
froilan	1575	froilán
froylan	71	froylán
fructoso	342	fructoso
fructuoso	1452	fructuoso
fuentes	2411	fuentes
fula	1670	fula
fulgencio	1329	fulgencio
fulvio	676	fulvio
fuquen	1522	fuquen
fuquene	1449	fúquene
gabriel	2374	gabriel
gabrielina	1102	gabrielina
gabrielino	1077	gabrielino
gaby	468	gaby
gachagoque	2201	gachagoque
gachantiva	1337	gachantivá
gaitan	984	gaitán
galdames	448	galdames
galeano	1604	galeano
galindes	1128	galindes
galindo	1843	galindo
gallo	21	gallo
galvan	585	galván
galvis	553	galvis
galviz	482	gálviz
gamadiel	45	gamadiel
gambacica	582	gambacica
gamez	975	gámez
gaona	446	gaona
garavito	1769	garavito
garces	2269	garcés
garcia	2409	garcía
garizabal	623	garizabal
garnica	326	garnica
garzon	2081	garzón
gaucha	213	gaucha
gavanzo	652	gavanzo
gavilan	1064	gavilán
gaviria	2160	gaviria
gelacio	1741	gelacio
gelvis	1465	gelvis
genaro	1921	genaro
genis	1146	genis
genoves	1291	genovés
genoveva	1883	genoveva
genri	502	genri
genry	824	genry
gentil	22	gentil
georgina	1778	georgina
geovani	651	geovani
geovany	404	geovany
gerardina	218	gerardina
gerardo	1984	gerardo
geremias	401	geremías
german	2224	germán
gertrudis	2285	gertrudis
gervacio	1299	gervacio
gil	2101	gil
gilberto	2348	gilberto
gildardo	1954	gildardo
gilde	54	gilde
gilma	731	gilma
gilmary	810	gilmary
gimena	1122	gimena
gimenez	2018	giménez
giovana	576	giovana
giovani	1238	giovani
giovanni	301	giovanni
giovanny	1972	giovanny
giovany	1220	giovany
giraldo	2183	giraldo
girata	541	girata
giron	1839	girón
gisela	1476	gisela
giselle	1150	giselle
gladys	2456	gladys
glenda	79	glenda
glori	39	glori
gloria	2451	gloria
gomez	2463	gómez
goneche	612	goneche
gonzaga	568	gonzaga
gonzalez	2485	gonzález
gonzalo	2172	gonzalo
gonźalez	1450	gonźalez
gordillo	2247	gordillo
goreti	757	goreti
gorfina	1109	gorfina
gorila	822	gorila
goyeneche	2099	goyeneche
graciano	1638	graciano
graciela	1944	graciela
graciliana	539	graciliana
graciliano	2057	graciliano
granados	2235	granados
granda	922	granda
grande	1008	grande
granja	1365	granja
grass	199	grass
gregoria	653	gregoria
gregorio	2189	gregorio
grijalba	2278	grijalba
grimaldo	1031	grimaldo
gross	567	gross
grosso	1793	grosso
grueso	1106	grueso
guacarapare	428	guacarapare
guache	172	guache
guadalupe	1393	guadalupe
guaje	1113	guaje
gualdron	1724	gualdrón
gualteros	1738	gualteros
guanare	510	guanare
guanay	1704	guanay
guanumen	877	guanumen
guarin	2084	guarín
guarupe	927	guarupe
guasguan	1251	guasguán
guataqui	780	guataquí
guateque	1443	guateque
guatibonza	1923	guatibonza
guavare	444	guavare
guaviare	870	guaviare
guavita	549	guávita
guayacan	443	guayacán
guayazan	913	guayazán
guecha	1217	guecha
guerra	2161	guerra
guerrero	2458	guerrero
guesguan	211	guesguán
guevara	2309	guevara
guillemo	323	guillemo
guillen	2276	guillén
guillermina	2125	guillermina
guillermo	2455	guillermo
guineos	406	guineos
guio	2186	guío
guiomar	1850	guiomar
guisado	1813	guisado
gumercindo	1877	gumercindo
gundisalvo	2082	gundisalvo
gusca	368	gusca
gustavo	2440	gustavo
gutierrez	2486	gutiérrez
guzman	2208	guzmán
habacuc	1732	habacuc
haiver	1715	haiver
hamilton	837	hamilton
hamon	605	hamon
haney	1084	haney
harol	1107	harol
harold	492	harold
hasnery	762	hasnery
haspe	1243	haspe
haydee	47	haydée
hector	2379	héctor
heidy	1076	heidy
helecho	355	helecho
helena	1615	helena
helida	1088	hélida
heliodoro	2154	heliodoro
helivardo	509	helivardo
helman	1624	helman
hemecinda	1398	hemecinda
hemerson	730	hemerson
henandez	1257	henández
henao	1888	henao
hende	1308	hende
henock	131	henock
henriquez	1340	henríquez
henry	2188	henry
hercilia	1497	hercilia
hercilio	1020	hercilio
hercinda	1718	hercinda
herederos	1652	herederos
heredia	1438	heredia
heriberto	221	heriberto
herlinda	1994	herlinda
herman	1108	herman
hermelinda	1112	hermelinda
hermelindo	1421	hermelindo
hermencia	2095	hermencia
hermenegildo	1279	hermenegildo
hermeregildo	1054	hermeregildo
hermes	1563	hermes
hermesinda	997	hermesinda
hermida	452	hermida
hermildo	1104	hermildo
herminia	2216	herminia
herminsul	1192	herminsul
herminta	897	herminta
hermofilo	1241	hermófilo
hermogenes	1542	hermógenes
hermosa	167	hermosa
hernan	2234	hernán
hernandez	2484	hernández
hernando	2439	hernando
herra	266	herra
herran	601	herrán
herrera	2403	herrera
herrero	904	herrero
heyner	868	heyner
hidalgo	314	hidalgo
hidelbrando	2164	hidelbrando
hidelfonso	1502	hidelfonso
hidio	187	hidio
hierbas	951	hierbas
higinio	2110	higinio
higuavita	950	higuavita
higuera	2341	higuera
hilda	1931	hilda
hildebrando	2394	hildebrando
hilder	536	hilder
hillon	1705	hillón
hincapie	1766	hincapié
hinestrosa	996	hinestrosa
hinestroza	241	hinestroza
hinojosa	1772	hinojosa
hipolita	1611	hipólita
hipolito	1969	hipólito
hoffman	417	hoffman
hofman	1434	hofman
holguin	2338	holguín
holman	1511	holman
home	745	home
homero	752	homero
honorato	1409	honorato
honorio	18	honorio
horacio	2242	horacio
hormasa	46	hormasa
hormaza	1840	hormaza
hormidas	2163	hormidas
hornaza	178	hornaza
hortencia	1504	hortencia
hortensia	1036	hortensia
hortua	1745	hortúa
hostos	1763	hostos
hover	459	hover
hoyos	1951	hoyos
huber	101	huber
huberlein	5	huberléin
hubeymar	1271	hubeymar
huepo	1451	huepo
huerfano	2239	huérfano
huertas	2315	huertas
huerto	337	huerto
hugo	2267	hugo
humberta	622	humberta
humberto	2393	humberto
humbolth	464	humbolth
humos	237	humos
hurtado	2377	hurtado
ibarguen	709	ibarguen
ibañez	2318	ibáñez
ibeth	2217	ibeth
idalit	858	idalit
idelfonso	1872	idelfonso
idelson	216	idelson
idu	1037	idú
iglesia	1089	iglesia
ignacio	2363	ignacio
ilce	607	ilce
ildebrando	606	ildebrando
ildelfonso	1288	ildelfonso
ilmo	650	ilmo
ilsen	259	ilsen
imelda	1971	imelda
indalecia	932	indalecia
indalecio	1999	indalecio
inelsa	845	inelsa
ines	2074	inés
inez	1682	inéz
infante	1942	infante
ingri	1362	ingri
ingrid	732	ingrid
ingry	476	ingry
inirida	273	inírida
inmaculada	1061	inmaculada
inocencia	1136	inocencia
inocencio	1862	inocencio
inocente	290	inocente
insuati	734	insuati
irene	1436	irene
iris	1259	iris
irma	1602	irma
isaac	2116	isaac
isabel	2371	isabel
isadora	2	isadora
isaias	2001	isaías
isairias	1554	isairías
isaura	850	isaura
isauro	1623	isauro
isidro	2066	isidro
ismael	2144	ismael
ismenia	1669	ismenia
ismer	1356	ismer
isnardo	1204	isnardo
isnelda	269	isnelda
isolina	2254	isolina
israel	2199	israel
itacue	892	itacué
italo	1006	ítalo
itsmenia	1024	itsmenia
ivan	2335	iván
ivonne	1067	ivonne
izaquita	1895	izaquitá
izaza	455	izaza
izquierdo	817	izquierdo
jaamon	586	jaamón
jacanamijoy	1509	jacanamijoy
jacinto	1980	jacinto
jacobo	1285	jacobo
jahir	556	jahír
jail	282	jail
jaime	2376	jaime
jainer	1095	jainer
jair	600	jair
jairo	2370	jairo
james	2134	james
jamilton	589	jamilton
janeth	2229	janeth
janneth	489	janneth
jaquelina	1223	jaquelina
jaquelyn	1074	jaquelyn
jara	1233	jara
jaramillo	1986	jaramillo
jasmin	995	jasmín
jaspe	1975	jaspe
jauregui	1978	jauregui
javier	2373	javier
jazmin	288	jazmín
jeanette	1756	jeanette
jenifer	1360	jenifer
jenny	139	jenny
jeremias	1776	jeremías
jerena	727	jerena
jeronima	1171	jerónima
jesucristo	1590	jesucristo
jesus	2395	jesús
jhoana	1417	jhoana
jhon	1812	jhon
jimenez	2476	jiménez
jimmy	678	jimmy
jiomar	374	jiomar
joaquin	2388	joaquín
joel	2093	joel
johana	1887	johana
johann	1218	johann
johanny	894	johanny
johnson	1086	johnson
jonson	169	jonson
jorge	2472	jorge
jose	2475	josé
joselin	1116	joselín
joselyn	674	joselyn
joseu	635	joseu
josue	978	josué
juan	2391	juán
judith	2035	judith
juez	1170	juez
julia	1688	julia
juliana	1267	juliana
julieth	945	julieth
julio	2414	julio
junco	309	junco
jurado	1627	jurado
justiniano	841	justiniano
justo	220	justo
juvenal	1785	juvenal
juvencio	1019	juvencio
juya	764	juya
jymmy	547	jymmy
kattah	1694	kattah
klein	1350	klein
kurmen	346	kurmen
kusguen	311	kusguen
ladino	1017	ladino
ladislao	895	ladislao
laguilavo	1268	laguilavo
lamprea	1581	lamprea
lancheros	647	lancheros
lanchica	985	lanchica
landaeta	1948	landaeta
landazabal	1315	landazábal
landeros	109	landeros
landinez	1289	landinez
larrota	2356	larrota
larsson	397	larsson
lasso	695	lasso
latorre	270	latorre
latriglia	1802	latriglia
laureano	2197	laureano
laurencio	400	laurencio
laurentino	1296	laurentino
lavachuco	82	lavachuco
lavacude	1637	lavacude
laverde	2046	laverde
layton	1427	layton
leal	599	leal
lebi	682	lebi
ledesma	878	ledesma
ledys	1538	ledys
legaria	318	legaria
leguizamo	1589	leguízamo
leguizamon	2437	leguizamón
leider	203	leider
leidy	989	leidy
leiton	333	leiton
lelia	287	lelia
lemis	382	lemis
lemus	2011	lemus
lenis	790	lenis
leocadia	416	leocadia
leocadio	1677	leocadio
leon	2180	león
leonardo	1566	leonardo
leoncio	693	leoncio
leonel	33	leonel
leonidas	2209	leonídas
leonilde	1046	leonilde
leonor	1147	leonor
leonso	297	leonso
leopoldo	2152	leopoldo
leotilde	1123	leotilde
leotulda	118	leotulda
leovigilda	2167	leovigilda
leovigildo	2340	leovigildo
lesmes	640	lesmes
lester	112	lester
leticia	714	leticia
letrado	507	letrado
leyda	233	leyda
leyva	1520	leyva
libadier	1284	libadier
libardo	2382	libardo
liberato	514	liberato
libia	1052	libia
licimaco	1232	licímaco
lida	95	lida
lievano	1514	liévano
ligia	1852	ligia
lilia	1781	lilia
liliana	153	liliana
lilibet	1090	lilibet
lilly	853	lilly
limbania	255	limbania
linares	940	linares
lionel	206	lionel
lira	990	lira
lis	1041	lis
lised	1010	lised
liseth	1376	liseth
livaniel	1618	livaniel
livia	223	livia
liz	633	liz
lizandro	1961	lizandro
lizarazo	2304	lizarazo
lizcano	912	lizcano
lizeth	1680	lizeth
llano	1759	llano
llanos	1101	llanos
loaiza	2359	loaiza
lobaton	1475	lobatón
lola	704	lola
lombana	2258	lombana
londoño	2127	londoño
lopera	508	lopera
lopez	2481	lópez
lorenzo	1991	lorenzo
los	794	los
lourdes	522	lourdes
lovis	1111	lovis
lozada	1691	lozada
lozano	1859	lozano
lubin	2025	lubín
lucia	2159	lucía
luciano	1038	luciano
lucidio	1442	lucidio
lucila	1701	lucila
lucina	475	lucina
lucrecia	1654	lucrecia
lucresio	438	lucresio
ludibia	16	ludibia
ludin	543	ludín
ludina	10	ludina
ludovina	1731	ludovina
luengas	1486	luengas
lugan	708	lugan
luis	2480	luis
luisa	560	luisa
lumey	456	lumey
luna	1946	luna
luque	1384	luque
luz	2237	luz
luzdary	1698	luzdary
luzmila	168	luzmila
lyda	864	lyda
lylyan	1004	lylyan
macera	275	macera
machado	1172	machado
machuca	375	machuca
macias	592	macías
macualo	1569	macualo
madeleine	132	madeleine
maestre	771	maestre
magali	645	magali
magaly	963	magaly
magda	177	magda
magdalena	2091	magdalena
magnolia	6	magnolia
magola	1788	magola
mahecha	1499	mahecha
malagon	1431	malagón
malaver	1897	malaver
maldonado	2317	maldonado
malta	320	malta
mancera	918	mancera
manchego	2043	manchego
mancipe	1973	mancipe
manisalvo	491	manisalvo
manjarrez	70	manjarréz
manosalva	2339	manosalva
manrique	2149	manrique
manriquez	949	manríquez
manuel	2465	manuel
manzanares	115	manzanares
marcela	1775	marcela
marcelino	1684	marcelino
marco	2386	marco
marcos	1671	marcos
mardoqueo	2114	mardoqueo
marentes	900	marentes
margarita	2050	margarita
margfoy	1968	margfoy
maria	2483	maría
mariana	928	mariana
marianeli	529	marianeli
mariano	886	mariano
maribel	1110	maribel
maricela	534	maricela
mariela	1742	mariela
mariluz	1265	mariluz
marin	1137	marín
marina	2283	marina
marino	181	marino
mario	1428	mario
marisela	798	marisela
marisol	2223	marisol
maritza	1934	maritza
mariño	1326	mariño
marleni	1196	marleni
marleny	1875	marleny
marlis	1135	marlis
marquez	2272	márquez
martha	2457	martha
martin	1919	martín
martinez	2487	martínez
mary	1959	mary
marycruz	176	marycruz
maryen	1293	maryen
matajira	677	matajira
matallana	967	matallana
matamoro	435	matamoro
matamoros	518	matamoros
mateos	701	mateos
mateus	1359	mateus
matheus	222	matheus
matilde	2097	matilde
maura	143	maura
mauricio	2417	mauricio
maximiliana	479	maximiliana
maximiliano	141	maximiliano
maximino	254	maximino
maxlinder	242	maxlinder
mayorga	1567	mayorga
mayuza	336	mayuza
maza	1045	maza
mazuera	1464	mazuera
medellin	1065	medellín
medina	2422	medina
medivelso	911	medivelso
medrano	661	medrano
mejia	1858	mejía
melecio	29	melecio
melgarejo	48	melgarejo
melida	338	mélida
melquecidec	1816	melquecidec
melquiades	1185	melquíades
melquicedec	1786	melquicedec
melquisedec	2314	melquisedec
mendez	2204	méndez
mendieta	2282	mendieta
mendivelso	2355	mendivelso
mendoza	2464	mendoza
meneses	933	meneses
menjura	258	menjura
menjure	1774	menjure
merardo	250	merardo
mercedes	2408	mercedes
merchan	2351	merchán
merizalde	1180	merizalde
mery	1322	mery
mesa	1536	mesa
micaelina	1574	micaelina
miguel	2460	miguel
miguez	1290	miguez
mila	587	mila
milbia	548	milbia
milciades	2249	milcíades
mileidi	779	mileidi
mileidy	1382	mileidy
milena	1513	milena
milla	260	milla
millan	1591	millán
milton	1912	milton
minislav	530	minislav
miranda	2010	miranda
mireya	1488	mireya
miriam	1925	miriam
mirian	66	mirian
miryam	2310	miryam
misael	2271	misael
mogollon	257	mogollón
moises	2047	moisés
mojica	2051	mojica
molano	2045	molano
molina	2302	molina
moncada	1674	moncada
monica	2006	mónica
monroy	2206	monroy
monsalve	2250	monsalve
monsocua	1880	monsocua
montalvo	564	montalvo
montana	434	montana
montaña	2298	montaña
montañez	2383	montañéz
montaño	20	montaño
montealegre	1646	montealegre
montenegro	2263	montenegro
montero	449	montero
montes	430	montes
montiel	1552	montiel
montoya	2270	montoya
monzaque	602	monzaque
monzoque	171	monzoque
mora	1274	mora
morales	2384	morales
morano	1030	morano
morantes	1639	morantes
morcote	1191	morcote
moreno	2474	moreno
morera	1414	morera
morillo	431	morillo
mosquera	2225	mosquera
mosso	1851	mosso
motrovich	808	motrovich
motta	1297	motta
moya	1282	moya
moyano	1672	moyano
mozo	1447	mozo
mujanajinsoy	1312	mujanajinsoy
munca	540	munca
munera	1215	múnera
munevar	2350	munévar
murcia	2275	murcia
muriel	1605	muriel
murillo	1917	murillo
mutis	252	mutis
muñeton	286	muñetón
muñiz	641	muñíz
muñoz	2424	muñoz
myriam	1833	myriam
myrian	1526	myrian
nacianceno	2015	nacianceno
nadia	1352	nadia
nair	161	naír
najar	75	najar
nancy	2266	nancy
napoleon	692	napoleón
naranjo	2354	naranjo
narciso	352	narciso
narvaez	302	narváez
natividad	1473	natividad
navarra	97	navarra
navarrete	1830	navarrete
navarro	1201	navarro
navas	881	navas
nayibe	1198	nayibe
nayive	1133	nayive
nehemias	190	nehemías
neiger	1306	neiger
neira	1827	neira
neita	964	neita
nelci	1321	nelci
nell	552	nell
nelly	2020	nelly
nelson	2198	nelson
nelsy	1945	nelsy
nely	1263	nely
nemeguen	31	nemeguen
nemesio	617	nemesio
nemesis	686	némesis
nemocon	934	nemocón
nepomuceno	2290	nepomuceno
nereida	851	nereida
nereo	1644	nereo
nery	859	nery
nestor	1734	néstor
neuta	1358	neuta
neville	919	neville
neyib	907	neyib
niampira	938	niampira
niceforo	439	niceforo
nick	99	nick
nicodemos	1415	nicodemos
nicodemus	2122	nicodemus
nicolas	1835	nicolás
nicomedes	1953	nicomedes
nidia	869	nidia
nidya	1696	nidya
nieto	191	nieto
nieves	1662	nieves
nina	637	nina
ninfa	1209	ninfa
niquepa	1692	niquepa
nirson	74	nirson
nitola	1841	nitola
niyereth	322	niyereth
niño	2432	niño
noboa	761	noboa
nocobe	330	nocobe
noe	1132	noé
noemi	300	noemi
noguera	747	noguera
nohemi	2060	nohemí
nohemy	359	nohemy
nohora	1612	nohora
nolberto	705	nolberto
nomezque	210	nomezque
nontien	1634	nontien
nonzoque	772	nonzoque
norato	1094	norato
norberto	1795	norberto
norbey	1518	norbey
norela	1345	norela
noreyda	200	noreyda
noriega	1482	noriega
norma	866	norma
nova	1770	nova
novas	1234	novas
novoa	1548	novoa
nubia	2062	nubia
nubya	1374	nubya
numesque	1749	numesque
numpaque	2139	numpaque
nunila	840	nunila
nunsaba	1162	nunsaba
nustez	2027	nustez
nutez	437	nutez
nuvia	626	nuvia
nuñez	1870	núñez
nydia	445	nydia
obando	2041	obando
obdulio	1181	obdulio
obregon	480	obregón
obregoso	1344	obregoso
ocacion	78	ocación
ochoa	2054	ochoa
ocias	583	ocías
octaviano	1351	octaviano
octavio	1245	octavio
octimia	646	octimia
odilia	1765	odilia
odilio	814	odilio
ofelia	1798	ofelia
ofir	1555	ofir
oicata	1240	oicata
ojeda	1976	ojeda
olano	819	olano
olarte	1621	olarte
olegario	2026	olegario
olga	2344	olga
olinda	306	olinda
oliva	1993	oliva
olivares	100	olivares
olivarez	806	olivarez
oliverio	2083	oliverio
oliveros	1937	oliveros
olivo	596	olivo
olivos	1353	olivos
olmedo	974	olmedo
olmos	1908	olmos
olver	1210	olver
omaira	2142	omaira
omar	2121	omar
omayra	908	omayra
onesimo	1216	onésimo
onofre	559	onofre
onorio	980	onorio
oracia	485	oracia
ordener	644	ordener
ordoñez	2346	ordoñez
orduz	1539	ordúz
orduña	59	orduña
oreja	500	oreja
orejarena	748	orejarena
orentire	317	orentire
orestes	1187	orestes
orfelina	86	orfelina
orfelminda	249	orfelminda
orfilia	1659	orfilia
orjuela	2009	orjuela
orla	160	orla
orlando	2421	orlando
ormaza	1855	ormaza
ormidas	140	ormidas
oromacio	1211	oromacio
oropesa	305	oropesa
oropeza	2079	oropeza
oros	361	oros
orozco	2205	orozco
ortega	1782	ortega
ortegate	1305	ortegate
ortegon	616	ortegón
ortiz	2416	ortíz
osa	1758	osa
osbaldo	348	osbaldo
oscar	2336	oscar
oseas	380	oseas
osman	972	osman
osorio	1012	osorio
ospina	1229	ospina
ossa	1466	ossa
ostios	778	ostios
ostos	1861	ostos
osvaldo	1750	osvaldo
oswaldo	2289	oswaldo
otalora	2146	otálora
otalvaro	1333	otálvaro
otavo	1394	otavo
otelo	770	otelo
otilia	2008	otilia
otocilia	296	otocilia
ovalle	642	ovalle
ovejero	2003	ovejero
ovidio	2098	ovidio
oviedo	2024	oviedo
oyola	369	oyola
oñate	103	oñate
pabhuense	968	pabhuense
pablina	1000	pablina
pablo	2425	pablo
pabon	1889	pabón
pacabaque	1699	pacabaque
pacacira	961	pacacira
pacanchique	1947	pacanchique
pacateque	1825	pacateque
pacavita	648	pacavita
pacheco	2002	pacheco
pacho	1287	pacho
pachon	1787	pachón
paco	396	paco
pacomio	264	pacomio
padilla	1712	padilla
padres	848	padres
paez	1913	páez
paiba	263	paiba
paipa	691	paipa
paipilla	2157	paipilla
palacios	2145	palacios
palencia	9	palencia
pallares	1426	pallares
paloma	1176	paloma
palomares	875	palomares
palomino	2251	palomino
pamenio	119	pamenio
pan	1286	pan
panfilo	43	panfilo
paniagua	525	paniagua
panqueba	1988	panqueba
panqueva	769	panqueva
pantoja	247	pantoja
paola	345	paola
parada	2070	parada
paredes	2140	paredes
pareja	1199	pareja
parmenio	1496	parmenio
parra	2291	parra
parrado	625	parrado
pasachoa	2313	pasachoa
pascual	1047	pascual
pascuala	36	pascuala
pasion	1389	pasion
pastor	1379	pastor
patalagua	1479	patalagua
patarroyo	2375	patarroyo
paternina	1847	paternina
patino	1556	patino
patiño	2058	patiño
patricia	2436	patricia
patricio	1716	patricio
patrocinia	1594	patrocinia
patrocinio	1530	patrocinio
paula	415	paula
paulino	142	paulino
paulo	68	paulo
paz	1461	paz
pedraos	1719	pedraos
pedraza	2175	pedraza
pedro	2461	pedro
pedroza	2257	pedroza
pelaez	506	peláez
penagos	1777	penagos
perafan	230	perafán
peralta	1559	peralta
perdomo	1709	perdomo
perea	611	perea
peregrino	1309	peregrino
pereira	1726	pereira
perez	2426	pérez
perico	331	perico
perilla	2297	perilla
pesca	1693	pesca
pez	910	pez
peña	2295	peña
peñalosa	905	peñalosa
peñaloza	1009	peñaloza
peñon	1159	peñón
piamonte	1703	piamonte
pidiache	116	pidiache
pidiachi	1803	pidiachi
piedrahita	1614	piedrahíta
piero	684	piero
pineda	2343	pineda
pinedo	784	pinedo
pinilla	2135	pinilla
pinto	1494	pinto
pinzon	2410	pinzón
pipe	1164	pipe
pirabague	1044	pirabague
pirabaque	410	pirabaque
pirachican	1665	pirachicán
piracon	1387	piracon
piragauta	2141	piragauta
piraguata	862	piraguata
pirajan	1836	piraján
piramanrique	1194	piramanrique
piraquive	1892	piraquive
pirateque	1600	pirateque
piratoba	643	piratoba
piratova	165	piratova
piravague	665	piravague
piravaque	13	piravaque
pirazan	1301	pirazán
piriache	1242	piriache
pito	681	pito
piza	246	piza
piñedes	395	piñedes
piñero	703	piñero
piñeros	1864	piñeros
piñuela	917	piñuela
plauxila	1420	plauxila
plazas	2190	plazas
plinio	412	plinio
polidoro	542	polidoro
polo	1034	polo
pompilio	1790	pompilio
ponare	1406	ponare
ponguta	1957	ponguta
porfidia	767	porfidia
porfidio	1593	porfidio
porfirio	332	porfirio
porras	1565	porras
portela	378	portela
portilla	28	portilla
portuguez	660	portuguéz
posidia	1576	posidia
posso	1587	posso
poveda	2287	poveda
praxedes	813	praxedes
praxedis	1982	praxedis
preciado	2071	preciado
precistato	234	precistato
pregonero	225	pregonero
presentacion	1747	presentación
prieto	2068	prieto
primitiva	353	primitiva
primitivo	1811	primitivo
priscila	1784	priscila
profetiza	1014	profetiza
prospero	1761	próspero
puentes	1527	puentes
puerto	2092	puerto
pulido	2404	pulido
puno	673	puno
pureza	736	pureza
quenguan	313	quenguan
querubin	232	querubín
quevedo	1492	quevedo
quezada	1458	quezada
quiazua	854	quiazua
quicasaque	1884	quicasaque
quiceno	2252	quiceno
quijano	1087	quijano
quimbayo	1635	quimbayo
quinaya	231	quinaya
quinta	179	quinta
quintana	2342	quintana
quintero	2368	quintero
quiroga	2100	quiroga
quiroz	2048	quiróz
quispi	977	quispi
quitian	1854	quitián
quiñones	2292	quiñones
quroz	947	quróz
raba	186	raba
rafael	2448	rafael
rafaela	1445	rafaela
rafaelino	743	rafaelino
rafico	1381	rafico
ragua	1448	ragua
raimundo	351	raimundo
ramirez	2462	ramírez
ramiro	2123	ramiro
ramon	1933	ramón
ramos	1956	ramos
rangel	1303	rangel
rativa	1470	rátiva
raul	1457	raúl
ravelo	2096	ravelo
raymundo	843	raymundo
rayo	1437	rayo
real	208	real
reapira	1222	reapira
reatiga	447	reatiga
rebeca	687	rebeca
rebolledo	1828	rebolledo
recalde	472	recalde
redondo	215	redondo
refugio	1557	refugio
reina	1849	reina
reinaldo	2241	reinaldo
reinel	1949	reinel
reinoso	855	reinoso
remigio	1507	remigio
rendon	1432	rendón
rengifo	1886	rengifo
rescanevo	888	rescanevo
restrepo	1463	restrepo
resurreccion	1809	resurrección
retavisca	787	retavisca
revellon	209	revellón
revelo	1425	revelo
reyes	2117	reyes
reynaldo	1990	reynaldo
riapira	1540	riapira
riascos	789	riascos
riativa	1275	riátiva
riay	467	riay
riaño	2133	riaño
ricardo	2303	ricardo
ricaurte	2308	ricaurte
richard	1404	richard
rico	1059	rico
rigoberto	2255	rigoberto
rincon	2367	rincón
ripe	393	ripe
riscanevo	2126	riscanevo
riso	1029	riso
rita	1664	rita
rivadeneira	971	rivadeneira
rivas	504	rivas
rivera	2279	rivera
riveros	1832	riveros
rivilla	1219	rivilla
roa	528	roa
robba	155	robba
roberth	1266	roberth
roberto	2328	roberto
robles	2203	robles
roboan	1069	roboán
roca	584	roca
rocha	1380	rocha
roche	1857	roche
rocio	982	rocío
rodolfo	1714	rodolfo
rodrigo	1673	rodrigo
rodriguez	2488	rodríguez
rodulfo	1801	rodulfo
rogelia	742	rogelia
rogelio	2162	rogelio
rogerio	114	rogerio
rojas	2438	rojas
rolando	1051	rolando
rolfe	839	rolfe
romer	85	romer
romero	2181	romero
romualdo	1764	romualdo
roncancio	1963	roncancio
ronchanquira	420	ronchanquira
ronchaquira	77	ronchaquira
ronderos	1842	ronderos
rondon	1280	rondón
rooselvet	831	rooselvet
roosembel	554	roosembel
ropero	828	ropero
roque	1568	roque
rosa	2397	rosa
rosabel	261	rosabel
rosalba	2075	rosalba
rosalbina	1346	rosalbina
rosana	1498	rosana
rosario	1903	rosario
rosaura	193	rosaura
roseli	1339	roseli
rosemberg	405	rosemberg
rosendo	350	rosendo
rosero	265	rosero
rosevel	718	rosevel
rosillo	458	rosillo
rosmira	50	rosmira
roso	1035	roso
rosolino	1727	rosolino
rozo	1791	rozo
rua	944	rúa
ruben	2244	rubén
ruber	1396	ruber
rubi	1304	rubi
rubiano	2147	rubiano
rubio	1367	rubio
ruby	2014	ruby
rud	698	rud
rudecindo	1733	rudecindo
rueda	1161	rueda
rufiniano	988	rufiniano
ruiz	2136	ruíz
ruje	1481	ruje
rusinque	658	rusinque
russi	1826	russi
russy	1042	russy
ruth	1997	ruth
ruver	488	ruver
saavedra	2333	saavedra
saba	706	saba
sabarain	1844	sabaraín
sabat	1558	sabat
sabato	1480	sábato
sabogal	1678	sabogal
sabria	670	sabria
sabulon	214	sabulón
sacristan	656	sacristán
saenz	2429	sáenz
saganome	1960	saganome
sahira	256	sahira
saida	597	saida
sairias	493	sairías
saiz	391	saiz
sajonero	40	sajonero
salamanca	2449	salamanca
salanueva	69	salanueva
salas	901	salas
salazar	2307	salazar
salcedo	2392	salcedo
saldana	1348	saldana
saldarriaga	1080	saldarriaga
saldaña	2078	saldaña
salem	598	salem
salgado	2130	salgado
salguero	1525	salguero
salinas	979	salinas
salomon	2192	salomón
salustiano	93	salustiano
salvador	2039	salvador
samaca	175	samacá
samaniego	367	samaniego
samir	1462	samír
samit	570	samit
samora	105	samora
samudio	61	samudio
samuel	1915	samuel
sanabria	2453	sanabria
sanchez	2478	sánchez
sandino	1822	sandino
sandoval	2423	sandoval
sandra	2245	sandra
sanin	343	sanín
santafe	1823	santafé
santiago	365	santiago
santisteban	1717	santisteban
santos	1894	santos
sanudo	293	sanudo
sara	1028	sara
sarate	14	sárate
saraza	1281	saraza
saret	931	saret
sarmiento	2312	sarmiento
sarrazola	571	sarrazola
sastoque	835	sastoque
sastre	689	sastre
sativa	1163	sativa
satizabal	157	satizábal
satoba	1570	satoba
saturdina	524	saturdina
saul	1119	saúl
saulo	1819	saulo
sebastian	1453	sebastián
segismundo	197	segismundo
segovia	1039	segovia
segua	1168	segua
seguera	903	seguera
segundo	2324	segundo
segura	2108	segura
seija	728	seija
selva	96	selva
senejoa	1610	senejoa
seneth	969	seneth
sepulveda	2428	sepúlveda
sequera	454	sequera
serafin	316	serafín
sergio	1989	sergio
serna	1318	serna
serrano	2143	serrano
severino	696	severino
severo	1055	severo
shalosky	152	shalosky
siabato	2259	siabato
siachoque	893	siachoque
siatama	164	siatama
siatame	253	siatame
siaucho	2056	siaucho
sibilina	795	sibilina
siboche	184	siboche
sicacha	81	sicacha
sichaca	1792	sichacá
sicuamia	1668	sicuamia
siempira	1902	siempira
sienn	1203	sienn
sierra	2288	sierra
sierva	295	sierva
siervo	450	siervo
sigifredo	2264	sigifredo
silva	2277	silva
silvania	511	silvania
silverio	1808	silverio
silvestre	2069	silvestre
silvia	1981	silvia
silvino	1695	silvino
silvio	1487	silvio
simanca	1003	simanca
simbaguera	565	simbaguera
simbaqueba	2137	simbaqueba
simbasica	898	simbasica
simmonds	1878	simmonds
simon	388	simón
sinai	753	sinaí
sinforoso	546	sinforoso
siria	159	siria
siriaco	1521	siriaco
sixto	239	sixto
smorz	821	smorz
socadagui	1962	socadagui
socha	2085	socha
sofia	1607	sofía
sogamoso	1072	sogamoso
solano	2055	solano
soledad	463	soledad
soler	1939	soler
solera	1512	solera
solis	1205	solís
solman	236	solman
solorza	957	solorza
sonia	1516	sonia
sonya	983	sonya
soraca	1491	soraca
sosa	1608	sosa
sotachan	751	sotachán
sotaquira	1909	sotaquirá
sotelo	150	sotelo
soto	2221	soto
sotoban	134	sotobán
sotomonte	1419	sotomonte
stella	1025	stella
stillfried	1174	stillfried
suancha	994	suancha
suarez	2468	suárez
suarique	183	suarique
suavita	113	suavita
suaza	1120	suaza
sucerquia	198	sucerquia
sucesion	1924	sucesión
sucre	1371	sucre
suesca	1723	suesca
suescun	2218	suescún
suica	32	suica
sumapaz	1033	sumapáz
supanteve	608	supanteve
suspe	205	suspe
sustampira	781	sustampira
susunaga	1595	susunaga
szemelveisz	578	szemelveisz
tabaco	1630	tabaco
taborda	107	taborda
tafur	797	tafúr
taita	697	taita
talero	1582	talero
tamayo	2107	tamayo
tambo	575	tambo
tandioy	25	tandioy
tangua	826	tangua
tapia	1690	tapia
tapias	130	tapias
tapiero	1439	tapiero
tarazona	2195	tarazona
tarcisio	557	tarcisio
tarciso	517	tarciso
tarquino	776	tarquino
tatiana	1535	tatiana
tavera	1314	tavera
teatino	1424	teatino
tegua	1212	tegua
tejedor	1114	tejedor
telesforo	490	telésforo
tellez	411	téllez
temistocles	1640	temístocles
tenjo	667	tenjo
teobaldo	196	teobaldo
teodomila	1213	teodomila
teodoro	1273	teodoro
teofilde	248	teofilde
teofilo	1441	teófilo
teovaldo	329	teovaldo
teresa	2174	teresa
tereza	726	tereza
tetelua	226	tetelúa
teudolo	441	teudolo
tibabija	356	tibabija
tibacuy	1657	tibacuy
tibaduiza	2334	tibaduiza
tibagan	120	tibagán
tibambre	436	tibambre
tibamosa	659	tibamosa
tibamoso	1058	tibamoso
tibamozo	883	tibamozo
tibaque	768	tibaque
tibaquira	1153	tibaquira
tibata	1821	tibatá
tibavija	2042	tibavija
tibay	1186	tibay
tiberio	1869	tiberio
tiburcio	53	tiburcio
tiedra	1143	tiedra
tiga	58	tiga
tilia	427	tilia
tilsia	672	tilsia
timoleo	680	timoleo
timoleon	2073	timoleón
timoteo	324	timoteo
tinedo	72	tinedo
tinjaca	1510	tinjacá
tinoco	126	tinoco
tiofilo	675	tiófilo
tipazoca	1370	tipazoca
tirso	1330	tirso
tiusaba	1258	tiusaba
tiuzo	64	tiuzo
tobar	135	tobar
tobaria	422	tobaría
tobasura	1964	tobasura
tobian	618	tobian
tobito	791	tobito
tobon	700	tobón
tocarruncho	2007	tocarruncho
tojanci	2119	tojanci
toloza	466	toloza
tomas	574	tomás
toncon	1898	toncón
toner	121	toner
tongua	750	tongua
toni	389	toni
tonocolia	386	tonocolia
tonsasci	23	tonsasci
torache	1753	torache
toribio	146	toribio
tornero	929	tornero
toro	1444	toro
torrecilla	1040	torrecilla
torres	2469	torres
toscano	469	toscano
totaitive	1601	totaitive
tovar	2168	tovar
tovasura	889	tovasura
transito	2077	tránsito
translaviña	1256	translaviña
traslaviña	1706	traslaviña
trejos	1545	trejos
triana	1649	triana
triglia	671	triglia
trillos	1021	trillos
trinidad	1905	trinidad
tristancho	1746	tristancho
truca	807	truca
trujillo	2118	trujillo
tuay	593	tuay
tufik	1139	tufik
tulfo	923	tulfo
tulio	1586	tulio
tumay	657	tumay
tunarosa	699	tunarosa
tunarrosa	1643	tunarrosa
tunjacipa	755	tunjacipá
tupanteve	2065	tupanteve
turbay	1007	turbay
turiel	621	turiel
ubaldina	563	ubaldina
ubilerma	916	ubilerma
uchamocha	2028	uchamocha
ucros	1584	ucrós
uladislao	873	uladislao
uldarico	1551	uldarico
ulises	1860	ulises
ulloa	1620	ulloa
ulpiano	1796	ulpiano
umaña	1547	umaña
umbacia	825	umbacia
umbariba	170	umbariba
umbarila	1935	umbarila
uncaria	83	uncaria
undelina	555	undelina
unibio	419	unibio
unriza	2012	unriza
unrriza	1235	unrriza
urazan	1056	urazán
urbano	1966	urbano
urego	763	urego
ureña	1592	ureña
urian	954	urian
uricoechea	663	uricoechea
uriel	2080	uriel
urintive	1867	urintive
uriza	1079	uriza
urpiano	274	urpiano
urquijo	1295	urquijo
urrea	688	urrea
urrego	2033	urrego
urrutia	846	urrutia
ursula	1343	úrsula
urueña	965	urueña
usaquen	829	usaquén
uscategui	2413	uscátegui
useche	1965	useche
useda	426	useda
usgame	716	usgame
usme	1571	usme
uva	1166	uva
uvaldina	532	uvaldina
uvaldino	816	uvaldino
uyaban	1456	uyabán
vaca	1100	vaca
vacares	662	vacares
valbuena	2274	valbuena
valcarcel	2109	valcárcel
valderrama	2398	valderrama
valdes	1553	valdés
valdion	694	valdión
valencia	1911	valencia
valentin	1408	valentín
valentina	1730	valentina
valeria	291	valeria
valerio	460	valerio
valero	1598	valero
valest	1375	valest
valiente	470	valiente
vallares	1022	vallares
vallejo	2179	vallejo
vanegas	1932	vanegas
vaquero	890	vaquero
vaquiro	1402	vaquiro
varela	1900	varela
varelo	245	varelo
vargas	2477	vargas
vasallo	384	vasallo
vasquez	2347	vásquez
vega	2196	vega
vegamaria	1347	vegamaría
velandia	2452	velandia
velasco	2200	velasco
velasquez	2316	velásquez
velez	418	vélez
velosa	128	velosa
venado	1195	venado
venancio	679	venancio
venavides	987	venavides
ventura	744	ventura
vera	1560	vera
verbel	1070	verbel
verdugo	1950	verdugo
verenice	1254	verenice
vergara	2268	vergara
vergel	2169	vergel
verona	102	verona
veronica	98	verónica
viajan	372	viajan
viancha	1686	viancha
viasus	1533	viasus
vicencio	194	vicencio
vicenta	1013	vicenta
vicente	2138	vicente
victor	2459	víctor
victoria	1126	victoria
vides	1729	vides
viedma	580	viedma
viguez	133	viguéz
villa	328	villa
villabon	262	villabón
villafañe	1157	villafañe
villafrades	1628	villafrades
villagran	89	villagrán
villalba	1735	villalba
villalobos	1748	villalobos
villalva	1063	villalva
villamarin	523	villamarín
villamil	2369	villamil
villamizar	1471	villamizar
villamor	809	villamor
villanueva	1955	villanueva
villaquiran	793	villaquirán
villareal	861	villareal
villate	2156	villate
villesca	796	villesca
villescas	572	villescas
villeta	827	villeta
vinchery	1922	vinchery
virgilio	1876	virgilio
virginia	2005	virginia
virgues	8	virgues
virguez	1390	virguez
virviescas	630	virviescas
visitacion	1755	visitación
viviescas	1599	viviescas
vladimir	1454	vladimir
vogell	477	vogell
wagner	1115	wagner
waked	505	waked
waldo	402	waldo
walter	590	walter
walteros	2246	walteros
walther	1177	walther
wenceslado	1149	wenceslado
wenceslao	1468	wenceslao
widerkehr	478	widerkehr
wilches	2210	wilches
wilfrido	815	wilfrido
william	2434	william
willinton	481	willinton
wilman	1814	wilman
wilmer	1397	wilmer
wilson	2332	wilson
wiston	1073	wiston
wittingham	344	wittingham
wittinghan	1549	wittinghan
xavier	60	xavier
ximena	1015	ximena
yackeline	26	yackeline
yagama	499	yagama
yalile	440	yalile
yamile	381	yamile
yaneth	1597	yaneth
yanid	946	yanid
yanira	1363	yanira
yaqueline	385	yaqueline
yaquive	1478	yaquive
yaride	279	yaride
yasmin	1197	yasmín
yave	92	yavé
yazmin	1226	yazmin
yen	1423	yen
yenny	1613	yenny
yesenia	1683	yesenia
yesid	1891	yesid
yezenia	334	yezenia
yilcen	1182	yilcen
yimmy	1355	yimmy
yisela	303	yisela
yohana	649	yohana
yolanda	1675	yolanda
yolima	1446	yolima
young	106	young
yovany	148	yovany
yunis	1246	yunis
zambrano	2331	zambrano
zamora	2131	zamora
zamudio	212	zamudio
zanguña	852	zanguña
zarate	1873	zárate
zaraza	1789	zaraza
zenaida	87	zenaida
zipa	1071	zipa
zocimo	394	zocimo
zoila	1760	zoila
zoraida	349	zoraida
zorro	1918	zorro
zotaquira	1311	zotaquirá
zubieta	1626	zubieta
zulema	284	zulema
zuleta	1255	zuleta
zuluaga	1366	zuluaga
zuria	942	zuria
zuñiga	1655	zúñiga
