abahunza	abhunza
abaunza	abauza
abdegano	abegano
abdenago	abdenaco
abdúl	abdu
abel	obel
abelardo	abelaredo,aberlardo,albelardo,ebelardo
abenicio	abemicio
abraham	abrabam
abrahán	habrahan
abril	abil,abirl,abnril,abrilq,abriñ,abrl,bril
absalón	abdalon,albsalon
acero	acerom,ecero
acevedo	acevado,acevdo,acevedi,acevedor,acevedso,aceveso,aevedo,asevedo,avecedo,avevedo,ecevedo
achagua	achgua,achogua
acisclo	aciclo
acosta	acostra,acota,aocsta
acuña	auña
adarve	hadarbe
adela	adelan
adelina	aderlina
ader	iader
adolfo	adoldo,adolofo
adonai	adonail
adriano	adrieano,edriano
africano	agfricano
agripina	agipina
agudelo	agudeelo,agudello
águeda	aguera
aguilar	agilar,aguialr,agular,aguliar,guilar
aguilera	agulera
aguillón	agullion
aguirre	agirre,aguierre,aguire,aguirree,aguirrre,agurre,aquirre
agustina	agusttina
aida	eida,ida
aide	taide
alarcón	alalrcon,alaracon,alarccon,alarco,alarcom,alercon,alrcon,lalarcon,larcon
alba	alaba,balba
alban	albana
albañil	albanil
albarracín	acbarracin,alavbarracin,albaracion,albararcion,albarraciin,albarracil,albarracing,albarracion,albarrasil,albarricin,albarrracin,albbarracin,albrracin
albeiro	alabeiro,alberio
alberto	aberto,adberto,albaerto,albereto,albero,albertol,albertoo,albertro,albertto,albeto,albrerto,albrto,aleberto,alebrto,elberto,laberto,ualberto
albornóz	salbornoz
alcira	alcitra,lacira
aldana	aldna
aldemar	audemar
alejandra	alaejandra
alejandro	aeljandro,alajandro,alejandfro,alejando,alejendro,alejgando,alenajdro,alrjandro
alexander	alaexander,alexanderm,alexnader,alexsander,elexander
alexandra	alenxandra,elexandra
alexi	elexi
alfonso	aflonso,aldonso,alfanso,alfinso,alfnso,alfomso,alfondo,alfono,alfopnso,alfosno,alfoso,algonso,allfonso,alnfonso,alnfoso,aofonso,falfonso,lafonso,ofonso
alfredo	afredo,aldredo,alfrdo,alfredfo,alfredos,alpredo,anfredo,galfredo
alí	fali
alicia	alicica
alipio	olipio
aliria	arliria
alirio	alairio,aliirio,aliruo,elirio
alodia	aloida
alonso	alosno,aolonso,azlonso,olonso
alvado	lsvado
alvarado	albarado,alvaarado,alvadado,alvaraado,alvaraddo,alvaradi,alvardado,alvardo,alvrado,avarado
álvarez	alavarez,alvaerz,alvaez,alvaraez,alvararez,alviarez,alvrez,avarez,lavarez,lvarez
álvaro	aalvaro
alvaro	alavaro
álvaro	alvara,alvro,lavaro,slvaro,slvsro
alveiro	olverio
amadeo	amade
amanda	amamda,amnada
ambrocio	anbrocio
amelia	famelia,omelia
amézquita	amenquita,amezauita,amezquta,asmezquita
amparo	amaparo,amapro,ampara,amparao,ampario,anparo
ana	aa,ama,an,anta,ena,gana,na
anadel	fanadel
anaís	anaiss
ananías	ananaias,ananisas
anastacio	anatacio
anatilde	amatilde,antilde
anaversa	anaverso
ancízar	encisar
andrade	amdrade,andrda
andrea	adrea
andrés	adres,andrres
angarita	agarita,angaria,angartia,angaruta,angrita
ángel	algel,anagel
angel	angal
ángel	angek,angwel,dangel
ángela	agela,angrla,angula,dangela,ngela
angelberto	enfelberto
ángeles	angelea
angelita	anglita
angelmira	alngelmira
aníbal	anaibal,anibasl,anobal
antonia	anto,antomia,antoniao,antonias,antoniia,autonia
antonio	alntonio,anatonio,angtonio,anotnio,anronio,anrtonio,antnio,antoio,antoniio,antonioi,antonioo,antonnio,antono,antonuio,anyonio,atonio,mantonio,natonio
anunciación	anunciacicn,anunciaciom,anuniacion
anzola	anzonla,nazola
aparicio	apariacio,apariciio,paricio
apolinar	apolnar
apolonio	opolonio
aponte	apnte,aponste,apopnte,apornte
apoyome	apoyame
apuleyo	epuleyo
aquileo	equileo
aquilino	aguilino
aracely	aracelu,aracey,haracely
arámbula	aranbula
aranda	arande
araque	arauqe
arbeláez	arvelaez
arcadio	arcdio
arcelino	racelino
arcinégas	arcnigas
arciniégas	arsiniegas
ardila	arddila
arenas	erenas,grenas,renas
arévalo	aevalo,aravalo,arevelo,erevalo
arévalos	arevalaos
argemiro	argimiro,arjemiro
arguelles	arguellez
arguello	aeguello
argüello	aguello
arguello	argello,arguerllo,argullo,qarguello
arias	airas,airias
ariel	arier
arieta	farieta
ariosto	oriosto
arisméndi	arismnedi,arizmende
aristides	aristide
aristizábal	aristisabal,aristizaabal,aristzabal,ariztizabal
aristóbulo	aristibulo,ristobulo
arles	arled
arlet	arlett
arley	alrley,arlecy,orley
arma	arm
armando	aramando,armanado,armanro,armendo,arnando
arnoldo	arnuldo
arnulfo	arnolfo,arnulfom,ranulfo
arocha	aeocha
arón	aroon
arquímedes	arquimeds
arquimedes	arquimes,arquimides
arquímedes	qrquimedes
arsenio	aresenio,arsenico
arteaga	orteaga
artunduaga	artunduaca
arturo	alrturo,artturo,artutro,aruturo
ascencion	asencion
ascención	esencion,sension
ascensio	ascrnsio
asdrúbal	asdrual
asdrubal	asdruval
asned	sned
astrid	astry,estrid
astrith	aristrith
asunción	asunsion,suncion
atilúa	atilu
audenago	audenafo
augusto	augisto,ausgusto,autusto
aura	auraq
aureli	jaureli
aurelio	aruelio,arurelio,hurelio
aurora	auro,eurora
auvin	auvim
avela	aveela
avella	avellla,vella
avellaneda	acellaneda,avalleneda,avellanada,avellanda,avellandea,avellandeda,avelleneda,avellneda,avillaneda,avllaneda
avendaño	avedaño,avendano,avenndaño,aventaño
ávila	acila,aqvila
avila	auila,avla
ayala	auala,ayalas,ayalsa,ayaña
aydée	heydee
azucena	asucena,azucenza,azusena
bacarez	boacarez
badovinac	badominac
báez	beaz,bez,caez,vaez
balaguera	balagera,balanguera,valaguera,vqalaguera
balbino	balvino
balboa	valvoa
balcázar	valcazar
ballesteros	balesteros,ballesteos,ballestero,ballesterods
balmiro	balmore
baquero	baguero
baracaldo	bracaldo,varacaldo
barahona	barahana,barohona,narahona
barajas	barajs
bárbara	barabara
barbara	barb
bárbara	bqrbara
barbosa	barnosa,berbosa
barchilon	barchillon
barón	barin,baronb
barona	baronana
barquero	borquero
barra	barrra
barragán	baarragan,baragan,barragn,barrgan
barrantes	borrantes
barrera	baarera,barerra,barrea,barreara,barreera,barrer,barreta,barrrera,berrera,bnarrera,brrera,farrera
barreto	bareto,barrato,barrerto,barretro,barrteo,barrueto,berreto
barrios	barriios,berrios
bartolmé	bartalome
basilio	bacilio
bastilla	bastgilla,bostilla
baudilio	baudlio
baudón	baudoin
bautista	bauatista,bauitista,bauitosta,baustista,bautisat,bautistaq,bautistya,bautizta,bsautista,buatista
bayona	baoyona,boyona
beatríz	baetriz,batriz,beatiz,beatreiz,beatris,beatrz,betriz,deatriz
becerra	bacerra,bacerrra,becarra,beccera,beccerra,becera,becerrra,becrra,bedcerra,bercerra,beserra,brcerra
bedoú	bedeu
bedoya	bedoyo,bedpya,bodoya,vedoya
beiva	behiva
bejarano	bajarano,bejaramo,bejarrano
belalcázar	belarcazar,velalcar,velalcarcel,velalcazar
belarmina	berlamina
belarmino	balarmino,vbelarmino
belén	beloen,velen
belisario	belizario
belkis	blekis
belkys	belkyz
bella	beya
bellizia	belliza
belquis	velsques
belsy	belssy
beltrán	beltan,beltra,beltraqn,beltrl,beltrn,bentran,betran
benancio	banancio
benavides	banavides,banavidez,benabides,benavidas,benavide,benevides,benevidez,benivides,benvides
benedicto	bemedicto,benadicto,benecdicto,benedigto,beneducto,beneficto
benigno	benegno
benilda	benulda
benildo	benildu
benitez	banitez
benítez	beintez,beniitez,benirez,benitas,benite,benitex
benitez	benitz
benítez	bentitez,betitez,binitez
benito	venito
benjamín	banjamin,bebjamin,bejamin,benajmin,benjam,benjanin
berdugo	berdudo
berenice	berenica,berenicie,berenilce,berenise,berenize
bermejo	bermeja,bormejo
bermeo	vermeo
bermúdez	bermidez,bermudes,bermuez,bermundez,bernudez,mermudez
bernal	benal,beranl,bermnal,berna,bernan,bernel,brnal,mbernal,vernal
bernarda	bernanrda
bernardina	benardina,bernanrdina,bernardian
bernardino	beranrdino,bernanrdino
bernardo	bernando,bernanrdo,bernardoi,brnardo
berrío	berriio
berroterán	berrogeran,berroterano,berroteras
bersabet	besabet
bertha	berha,berhta
bertilda	bertilta
betancour	bentacour,bentancur,betancohur,betarncour
betancourt	betacourt,betarcourt
betancourth	betancuorth,betarcourth
betancur	benbtacur,betanchr
betancurt	betacurt,betancort,betancuurt,betencurt
betsabé	betzabe
betulia	vetulia
beyer	beyerl
bibiana	didiana
bienvenido	bienbenido
bilbao	vilbao
blanca	balanca,balnca,banca,blaca,blana,blanaca,blanjca,blnac,blnca
blanco	balnco,blaco,blannco,blanoc,blnco
blum	blun
boada	baoada
bohóquez	boorquez
bohórquez	abohorquez,bhorquez,bohirquez,bohoorquez,bohorequez,bohorque,bohorquwz,bohorquyez,bohorquz,bohoruez,borquez,hohorquez
bolaños	bolañoz
bolívar	bolibar,bolivara,boloivar
bonifacio	bonifasio
bonilla	bomnilla,boniulla,bonolla,nonilla
bonza	bonz
borja	borga,borjas
borras	borraez,borrais
bosiga	bosica
bosigas	bisigas
botello	botelio,botella
botero	botera
botia	botias
bottia	botta
boyacá	bayaca,doyaca
bran	brana
brando	brango
braulio	braublio
bredemir	bredemin
brenda	benda
bricelda	bricilda
brígida	brigidia
brigit	brivit
brigith	frigith
brijaldo	brijalbo,brijaldbo,brijando
briseida	priseida
brown	bronw,broun
brunequilde	bruniquilda
buenaventura	buanaventura,buenabentura,buenventura
buitraago	buitraggo
buitrago	bbuitrgo,bitrago,bruitrago,buietrago,buiitrago,buirago,buitgrago,buitrafo,buitrag,buitraga,buitragfa,buitragfo,buitragio,buitragop,buitrajo,buitraqgo,buitrato,buitrgo,buittrago,butrago,buuitrago,guitrago
burgos	burgoa,burgosa,vurgos
buriticá	buritaca
bustamante	buatamante,bustamente
busto	buston
bustos	bustosa
caballero	caaballero,caballlero,cabellero
cabanzo	cabanso,cabanza
cabra	cabbra,cabrra,cbra
cabrera	canbrera,carbrera,cbrera
cabulo	cabullo,gabulo
cáceres	caceress,cacers,cacres,caseres
cadavid	caavid
cahueño	cahueñp
caicedo	caiceddo,caidedo,caisedo
cainaba	cainabas,cainava
calderón	caldereon,caldeton,cañlderon,claderon,clderon,fcalderon
calero	galero
callejas	callajas
camacho	camachoo,camachor,camahco,camaho,camcho,cammacho,cmacho
camano	caamano
camargo	camago,camamrgo,camarco,camardo,camarga,camargao,camargho,camoargo,camrago,camrgo,carmargo,cmargo,comargo
camberos	cambreros
camero	camera
campo	camo,canpo,compo,ncampo,ocsmpo
campoelías	campuelias
cañadulce	cañadilce
canal	canals
cancelado	cancelao
candia	candi,candiad
cándida	candeda
cañizales	canizales
cano	can
cañón	canol,canom
cañon	canon
carantón	carantoan
carantonio	garantonio
cárdenas	caedenas,caldenas,caradenas,carddenas,cardeans,cardebnas,cardehnas,cardemas,carden,cardeñas,cardenass,cardenaz,cardens,cardernas,carenas,caroenas,cerdenas,crdenas,crdens,dardenas
cardozo	acrdozp,cadozo,caedozo,cardiozo,cardozao,cardozoz,cradozo,crdozo,lardoso
caren	ocaren
carla	carra
carlos	caelos,calos,calrlos,carelos,carlnos,carlo,carloa,carlosd,carlosm,carloss,carls,carlso,carolos,casrlos,cerlos,corlos,xcarlos
carmela	carmenla
carmelina	cermelina
carmelo	carmenlo,carmeno
carmen	camen,caqrmen,carman,carme,carmem,carmenb,carmne,carmnen,cermen,crmen
carmenza	carmenbza,carmnza
carnica	carnicar
caro	caroj,caroo
carranza	acrranza,carranzqa
carrasco	carrazco
carreño	careño,carreno,carreñoñ,carrerño,carrreño
carrera	carera
carvajal	arvajal,caravajal,carjanal,carvaja,carvajañl,carvajas,carvakal,carvalal,carvalja,carvasjal,carvjal,cavajal
carvajalino	caarvajalino
carzón	crazon
casallas	casalllas
casanova	casanava
casiano	casino
castañeda	castañada,castañaeda,castanleda,castañoeda,casteaneda,casteneda,casteñeda,castñeda,cataneda,catañeda,xastañeda
castaño	castoño
casteblanco	caslteblanco,casteblancao,catelblanco
castelblanco	castelbalnco,castelblnaco,gastelblanco
castellano	castellaño
castellanos	casatellanos,castallanos,castellamos,castellenos,castelllanos,castllanos,catellanos,cstellanos,gatellanos
castiblanco	castblanco,casteblancoo,castelanco,castibalco,castiblando,castiblnaco,catiblanco,csatiblanco
castilla	catilla
castillo	casrtillo,castiilo,castilllo,castilolo,castllo,catillo,cstillo
castrillón	catrillon
castro	casro,casrto,casteo,castrfo,caztro,cqastro
catalina	caatalina
cataño	ctaño
caterine	taterine
catimay	catimav
caviedes	cabiedes,gaviedes
cavieles	fcavieles
cayetano	catetano
cecilia	ceccilia,ceceilia,cecelia,ceciclia,ceciilia,cecila,cecili,cecillia,cecilua,ceclia,ceecilia,celcilia,ecilia
cecilio	ceclio
cedeño	sedeno,sedeño
cediel	ezediel
ceila	ceilia
celedonio	celidonio
celestino	salestino,selestino
celina	felima,felina
celis	clis
celso	delso
cely	cecly,celyu,cly
cendales	sendales
cened	cenecd
cepeda	capeda,cdpeda,ceepeda,cepedda,ncepeda,sepeda,vepeda
cequera	zequera
cercado	cercadao
cerón	seron,veron
cervantes	cervavtes,servantes
césar	cesa,cesra
cesar	sesar
céspedes	cepedes,cespede,cespped,suspedes
cetro	caetro
chacín	chacn
chaparro	cahaparro,chaoarro,chaoparro,chaparo,chaparoo,chaparroa,chaparrro,chaporro,chaprro,chparro
charles	charlies
chavarro	chavaro
chaverra	cahverra
chávez	cahvez,chavrez,cjavez,vhavez
chavita	chaqvita
chía	chchia,cihia
chillán	hillan
chinchilla	chichilla,chinquilla
chiquillo	chiqullo
chiquinquirá	chuiquinquira
chirivi	cririvi
chocontá	chochonta
cibo	ccibo
cielo	ciela
cifuentes	cifentes,cifientes,cifuentas,cifuente,cifuentesa,cifunetes,cufuentes,nfuentes,sifuentes
cilia	silia,zilia
cipacón	sipacon
cipagauta	cipagaaauta,cipagaut,cipaguata,cipaguta,cipgauta
cipamocha	cipamoha,cipamopcha,cipamuchas
ciranicicua	cinaricicua,siranicicua
circunsición	sircunsicion
ciro	cirop,siro
cisneros	sisneros
civel	civbel
claribel	glaribel
clarivel	clrivel
claudia	caludia,claudua,cluadia,cludia,oladia
clavijo	calvijo
clemencia	clamencia,clemancia,clememcia,cllemencia
clemente	eclemente
cleónimo	cleoniomo
cleotilde	celotilde
cley	ecley
clímaco	olimaco
clodomiro	cldomiro
clodosinda	clodsinda
cloromiro	cloromido
clovaldo	cloavaldo
clovis	clvis
cloviz	clovix
cobo	covo
cocinero	cacinero
cojo	gojo
colmenares	colemnares,colmebares,colmemares,colmenare,colmeneares,colmenres,colmnenares,comenares
colombia	colomnbia,cplombia,vcolombia
combariza	combriza,conbariza
conave	nocave
concepción	concenpcion,conceocion,concepecion,concpecion,conepcion,consepcion
consejo	caonsejo
consición	consilcion
constantino	contantino
constanza	consstanza,constant,costanza
consuelo	concuelo,consuleo
continchara	continchra
contreras	conteras,contraras,contrerar,contrerisa,contresas,contretas,contrras,ontreras
corazón	corazo
cordero	corderop,coredero
córdoba	cardoba,codoba,cordaba,cordoban,cordova,zordoba
coronado	coranado,coroanado,corobado,oronado
coronel	coronal
correa	correda,correo,corrrea,crrea
correales	correalez
corredor	coredor,corrdedor,corrder,corrdor,correddor,corredo,corredoe,corredop,crrerdor,orredor
corso	corsso
cortázar	cortaza
cortés	corts
corzo	corzp
cosecha	osecha
cote	gote
crisanto	crtisanto
cristancho	chistancho,crintancho,cristacho,cristamcho,cristanch,cristanco,cristanncho,cristnacho,critancho,crsitancho
cristian	cristtian
cristiano	cristianao,cristino,crsitiano
cristina	cirsitina,cristna,cristrina,critina,crstina
cristo	crisrto,crist
cristóbal	cristabal,cristibal,cristoabal,cristoval,critobal,crtstobal
cruz	creuz,crus,ctruz,curz,cuz
cualla	ualla
cubides	cobides,cuabides,cubiodes,cubises,cubuides
cubillos	cuabillos
cuburuco	cuburucu,cubutuco
cucanchón	cuncanchum
cuchigay	cchigay
cucunubá	cucububa
cuéllar	cuelllar
cuervo	cuerbo
cuevas	acuevas,cuebas,cueevas,cuesvas
culma	cula,culna
culman	culma
cupasachoa	cupaschoa
curtidor	curtidur,cutidor
cusaría	cuzaria
custodia	cuastodia,custosia
custodio	costodio,custudio
cutiño	citiño
cutiva	cutivan,cutive
daisy	dassy
dalila	dealile,dolila
dallos	dalllos
damián	damiam
damile	deamile
daniel	danuel,dniel,saniel
danila	donila
danilo	deanilo
darío	dareio
darley	dadley
dary	cary,dari,dfary
david	davisd
daza	dazza,dza
de	dde,deg,dej,der,dse
débora	devora
deisy	deise
del	ddel,deel,dell,dfel,dl,dle
delcy	idelcy
delfina	idelfina
delgadillo	delcadillo,deldadillo,delgadilla
delgado	delgadao,delgtado,gelgado
delmar	delmad
demetrio	demaetrio,demetro,demitrio
demócrito	demacrito
denice	fenice
denire	deanire
denis	deniz
deniz	dentiz
denys	deynis
deogracias	degracias,dogracias
deomedes	deomedea
depablo	depaulo
desenia	deisenia
desiderio	deisderio,desisderio,disiderio
deyanira	deyasira
día	diab
diana	dianan,dianna,dyana
díaz	daiz,ddiaz,deaz,deiz,diazz
diaz	diuaz,diza
díaz	dsiaz
didier	dider
dídimo	didino
dilia	digllia,dili
dilsa	dilsia
dinael	idinael
dinarco	idinarco
dince	dinnce
diocides	dioxides
dioclides	diocliris
diógenes	diognes,diomgenes
diomédes	dimedes,dimoedes
diomédez	diomedez
diomira	diomeira
dione	dioni
dionisia	dionicia
dionisio	dionso
dios	dio,dioa,dzas
diosa	dioza
diosde	diose
dioselina	diodelina,edioselina
diva	divas
dolis	doliz
dolores	dolorez,dolres,hdolores,ndolores,olores
domingo	dimingo,domimgo,domindgo,domindo,omingod
domitila	diomitila,domitilia
donaldo	donaldoi
donato	donatos,dotnato
doncel	doncell
donima	domnima
donoso	donosso,donso
doralba	doralb,doralbba
dorcinda	dorcina
dorelly	dorelli
doris	duris
dorita	edorita
dorly	dorli
dositeo	diositeo
douglas	dowblas,duglas
drigelio	drejelio
drugelio	druigelio
duarte	duate,durte
dueñas	duena,dueñaz,duenñas,duenñs,dueñs,duñas
dueñez	duenez
duffay	dufay
dugand	dugan
duitama	duitam
dumas	dumaz
durán	diran,dura,durain,dural,duram
durango	urango
dusán	duzan
dustano	dustani,duztano
eccehomo	heccehomo
echavarría	echevarria
echenique	pechenique
echeverri	echeveri
echeverria	acheverria,eceheverria
echeverría	ecehverria,echeberria,echecerria,echeverrria
echeverry	echevery
edelmira	edeilmira,edemira,edilmira,eldelmira
eden	eduen
edgar	adgar,edagar,edaor,edga,edgard,edgr,eedgar,egar,erdgar,esgar
edgardo	edgardi
edid	hedid,udid
edigio	eduguio
edilberto	deilberto,edilbeto,edilbewrto,edilborto,edilburto,edilverto
edilia	audilia,edialia,edila,edili,idilia
edilio	edilbio,idilio
edilma	edilama,edilme,eidelma,eoilma,odilma
edilsa	edelsa,edipsa
edilson	edilsen
edinson	edinsson
edise	ediise
edison	edinso
edita	edilta
edith	edhith,edidth,edit,editd,edthi,elith,eudith,idth
edmundo	edmumdo
edna	edtna,enna
eduard	edouard
eduardo	duardo,eduaardo,eduardop,eduaro,educardo,eduerdo,edurado,edurdo,esduardo,wduardo
eduviges	edubiges,edubijes,eduvigis,eduvijes
eduvina	iduvina
edward	edwuard
edwin	ediwn,eduhin,edvin,edwuin
efigenia	efegenia,efiguenia,ifigenia
efraín	efraim,efran,lefrain
efrén	efreen
egue	egues
eileen	ealeen
eladio	elavio,eledio,eliadio,eradio,euladio
elba	elaba
elberth	elbertht
elcira	yelcira
elcy	elñy
eleázar	eleacer,eleasa,eleasar,eleazer
elena	elene,elenia
eleuterio	eleutrio
elfa	helfa
eliade	eliadei
eliades	eleades
eliana	eleana,eliano
elias	elia
elías	eliaz,jelias,lias
elibardo	elbardo
elicenia	eliceria
elicerio	elicero
elidia	elidi
eliécer	elcicer,elecier
eliecer	eleicen,eleicer
eliécer	elicer,elieser,elircer
elina	elima
eliodoro	liodoro
elisa	elisia,relisa
elisenia	elisinia
eliseo	leiseo
elisinda	elisinde
elizabeth	eliabeth,elizabeh,elizabeht,elizabelt,elizabelth,elizabth,elizaneth,elzbeth,helizabeth
elizalde	eslizalde
elkin	elkim
elmer	jelmer
elmira	helmira
elmo	eilmo
elogia	eologia
elogio	eloguio
eloima	eleoima
eloísa	eliosa
eloy	heloy
elpidia	olpidia
elpidio	olpidio
elsa	elsia,esa
elsy	helsy
eltimio	elitimio
elvecina	elvelcina
elver	elve,jelver
elverth	elverthg
elvia	elbia,welvia
elviatila	elviatida
elvinia	elvinaia
elvis	jelvis,welvis
embus	hembus
emel	hemel
emeregildo	emerejildo
emerejildo	hemerejildo
emérita	enerita,hemerita
emeterio	emetodio,emetrio
emidio	emedio
emigdio	emdigdio,emegdio,emidgio,emigidio
emilda	jemilda
emilia	emilian,emlia,eumilia
emiliano	emliano,hemiliano
emilio	emiliio,emilo,emulio,wemilio
emir	hemir,lemir
emira	emiria,enira
emma	amma,emmma,emmna,enma
emperatríz	emperatris,emperetriz,enperatris
empidia	empinia,empiria
empidio	empido,empitio
enciso	encisa
enelcito	enelfico
enelia	enelias
engracia	ingracia
enith	henith
enrico	enricqo
enrique	anrique,enerique,enirique,enriique,enriqe,enriqiue,enriqu,enriquue,enrrique,henrrique
enriqueta	enrriqueta
ensueño	ensueno
epaminondas	epamimondas,epaminonda
eparquio	eparqio
epifanía	espifania
epifanio	epifamio,epifaneo
epimenia	epinemia
epimenio	eipmenio
epulerio	eopulerio
eraldo	eralido
erasmo	eramismo,erazmo,ersmo,herasmo,herazmo
ercilda	ericilda
ercinda	erecinda,orcinda
erculano	erculando
erica	elica
érica	herica
erie	eries
erika	erikad
erikson	ediksohn
eriselva	eriseolva
erisinda	herisinda
ermelina	eumelina
ermeregildo	ermerejildo
ermides	ermidez
ernestina	eernetina,ernenstina,ernest
ernesto	eresto,erneesto,ernesro,ernestor,ernmesto,ernnesto,rnesto
erwin	erwing
esaú	esauc
escalante	escalanta,escolante
escalona	escalone
escamilla	esamilla
escárraga	escarraya
escipión	excipion
esclamación	esclacion
esclavación	esclavasion
escobar	escobal
esguerra	esqguerra,esquerra
eslava	eslaba,eslavia
esmeraldas	esmaraldas
esneda	esmeda,isneda
espalsa	espalse
española	españoal
esperanza	esperaanza,esperana,esperansa,esperanz,espernza
espíndola	espindolas
espinel	epinel
espinosa	enpinosa,epinosa,espiniosa,espinisa,espinose,espinoso,esponosa
espíritu	espirituo,espititu,estiritu
espitia	epitia,esitia,espiita,espiti,espitita,espitua,esptia,ewspitia,ezpitia,jespitia,ospitia
esposorio	esposotio
esquivel	esquive,esquvel
estanislao	estanilado,estanislado,estasnislado
estaurofilo	estaubrofilo,estaurofila
estéban	estebal,estebam,estevan
estela	astela,estala,estelfa
estepa	edstepa
ester	oster
estévez	estebez,esteve,esteves
esthela	esthera
esther	esteher,estehr,esthere,esthter,sther
estolgio	eustolfio
estrella	estreella,estrela,estrellas,etrella,strella
estupiñan	esptupiñan
estupiñán	esrupiñan,estipiñan,estpiñan,estuiñan,estuñiñan,estupinan,estupiñana,estupiñanm,estupiñna,estupñan,estupuñan,etupiñan
esturofilo	estourofilo,esturofulo
esusenio	eusinio
etelvina	etalvina,etelinda
eucaris	uecaris
euclides	aeuclides
eudilio	eulilio
eudocia	eudocta
eudora	eudoria
eudoro	edudoro,eudor,eudore
eudosia	uedosia
eufracio	uefracio
eugenia	augenia,eugenai,eugeniia,eugenio,eujenia
eugenio	eugenuo,uegenio
eulalia	eulanid
eulegelo	eulejelo
eulejelo	ulejelo,ulejuelo
eulises	eulixis
eulogio	eulofia
eunice	eonice
eurípides	euripedes,euripidez,euriples,eurquides,uripides
euscátegui	escategui
eusebio	eucebio,eusabio,eusevio,heusebio,usebio
eustacio	ustacio
eustaquio	estaquio,eustaqio,eustoquio,ustaquio
eutimio	euatimio,uetimios
eutiquiano	euquitiano,eutaquiano,uetiquiano
eutiquio	eutugio
eva	iva
evangelina	avangelina,evaglina,evengalina,evengelina
evangelino	avangelino
evangelista	ebangelista,evangelisata,evangelistas
evaristo	avaristo
evelia	hevelia
evelina	eveline
evelio	eveluio
evelyn	everyn
ever	edver,evers
everardo	everando
evergisto	evergito
evert	everst
evidalio	evidadaleo
evita	evedita
excehomo	excedomo,exceomo,exedomo,exehoma,exodomo
exehomo	excenomo
exenover	exonover
exneider	exenider
expedito	expedicto,expidito
eysy	eyse
ezequiel	exequiel,ezeuiel
faber	fabre
fabián	fabiam
fabiola	fabiloa,faviola
fabriciano	faubriciano
facundo	facumdo,favundo
faid	faoiid
fajardo	fajardop,fajaro,fijardo
falck	falk
fandiño	faldino,fandiñoc,fanfdino
fanny	fammy,fanne,fenny
fany	faney
faracica	farcia
farasica	faresica
faresica	farsica
farfan	fafan
farfán	farafan,faran,farfa,farfen,farian,fartfan
farias	faridas
farías	faroas
farid	farit
faunir	faaunir
faura	faua,fauga
faustino	faaustino,fabustino,fauistino
feber	febe
feliciano	felixiano
felicita	felicitas
felipe	falipe
felípe	felipez
felipe	flpe
félix	feis,feix,felexis,feliux,feqlix
ferias	feria
ferleín	ferlin
fermán	farman
fermín	fermn,fermnin,fernin,germin
fernanda	fernanada,frnanda
fernández	fenandez,fenrnadez,fernadez,fernadnez,fernanadez,fernanddez,fernandes,fernanez,fernasndez
fernando	farnando,fenenado,ferenando,fernado,fernanado,fernando,fernano,frenando,jernando
ferney	fernay,fernney,freney
ferreira	fereira,ferrerira
ferrucho	feeeucho
fetecua	fetegua
fibracio	fubracio
fidedigna	fidegna
fidel	didel,fidcel
fideligna	fideliga,fidelingna,figeligna,filedigna
fideligno	fedeligno,fidelogno
figueredo	fegueredo,fgueredo,figeredo,figuereso,figuerredo,fugueredo,rigueredo
figueroa	fegueroa,fgueroa,figeroa,figuera,figuerea,figuereo,figueron,figuerora,fihueroa,firegoa,fugueroa
filadelfia	filadefia
filemón	fidemon,filemom
filipo	filpo
fino	fini
firacative	ficarative,finacative,firacatibe,firacativa,firaintive
firavitoba	firavitova
fitfield	fittfield
flaminio	flamenio,flamimio,flamio,flanimio,flaninio,flminio
flavia	flabia
flavio	flailo
flechas	fechas,flechaz
flor	fflor,floa,floe,flro,for
floralba	florarba,flroralba,foralba,froralba,lforalba
floranda	foranda
florángela	frorangela
florelba	florrelba
florentino	florentimo,florentio,frorentino
flóres	fores
floresmiro	floresmero
flórez	florz,folorez,frorez
florián	florin,flrian
floriberto	foriberto
florinda	flolrinda
floripes	floripis
florisene	floriseni
floro	cloro
flover	flower
fonque	foque
fonseca	fonca,fonsca,fonsdeca,fonse,fonsea,fonsec,fonsecas,fonsecva,fonsenca,fonteca,fosca,foseca,fosenca,jfonseca
fontalvo	fontal
forero	foereo,foremo,foreo,forer,forera,forrero,rorero
forigua	foringua
fosión	fasion
fracila	fracilia
fraile	fralie
francelina	frnacelina
franci	fransi
francisca	francisco,fransisca
francisco	fancisco,ffancisco,francico,francisc,franciscos,franciso,francsco,francvisco,franicsco,franmcisco,fransico,fransisco,freancisco,frincisco,frnacisco,frnacisoc,frncisco,grancisco
franco	fanco,francos,frnaco,frnco
francy	fracy,francys
franklin	fraklin,frankiln,frankin,franklimn,frnklin
franklyn	franclin,franclyn
franqui	franquil,franquio,franquiz
fravio	efravio
fredesminda	fredesbinda,fredesvinda,redesminda
fredi	fredil,fredis,freid
fredy	dredy,efredy,fedy,fenedy,frady,freedy
freite	freitte
fresneda	frezneda,frisneda
frías	frius
frígida	trigidia
froilán	floilan,frodilan
froylán	floylan
fructoso	frutoso
fructuoso	frucruoso,fuctuoso
fuentes	fuenres,fuenste,fuentas,fuente,fuentees,fuentres,funetes,ifuentes,muentes,zuentes
fula	fuja,fulla
fulgencio	hulgencio
fulvio	fulbio
fuquen	fuques,fuqun
fúquene	fuquenen,fuuquene
gabriel	babriel,gabiel,gabreil,gabrial,gadriel,gariel,gavriel,grabiel,grabriel
gabrielina	gabrileina
gabrielino	ngabrielino
gaby	gabby
gachagoque	gachacoque,gachacote,gachagote,gachapote,gachazoque
gachantivá	gacahntiva
gaitán	gaitn
galdames	galdanes
galeano	galaeno,galleano
galindes	galindez
galindo	galido,galind
gallo	galllo
galván	galban
galvis	gaivis
gálviz	galviz
gamadiel	gamandiel
gambacica	gambaciaa
gámez	gamesz
gaona	gaoma
garavito	garavi,garavita
garcés	gaeces,garaces,garcel,garcez,garcz,narces
garcía	arcia,carcia,cargia,gaarcia,garcisa,garcoa,garia,garica,grcia,gsrcia
garizabal	garizabalo
garnica	garinica
garzón	garcon,garzona,gazon,tgarzon
gaucha	gaucho
gavanzo	gabanzo
gavilán	gabilan
gaviria	gabidia,gavira,gavirio,gavirion
gelacio	helacio,jelacio
gelvis	gelbes,gelbis
genaro	generao,geraro,jenaro
genis	grenis
genovés	genovez
genoveva	genobeva,genoveba,jenoveba
genri	genrri
genry	genrry
gentil	gentiil
georgina	gerogina,gerorgina
geovani	geovanid
geovany	goevany
gerardina	gereardina
gerardo	ferardo,gerando,gerrardo
geremías	geramias
germán	gereman,germam,germen,gherman,jerman
gertrudis	gertrudes,gertrudid,gertruides,gertudis,gertudris,getrudis
gervacio	jervacio
gil	fil,gilc,hill,il
gilberto	bilberto,gelberto,gilbeto,gilbrto,hilbeto,silberto,tilberto
gildardo	gilardo,gilbardo,guildardo
gilde	gilede
gilma	glma
gilmary	gilmanry
gimena	quimena
giménez	gimenez,gimez,gumenez
giovana	gionana
giovani	guiovani
giovanni	giovanne
giovanny	gionanny,giovahhy,guiovanny
giovany	ygiovany
giraldo	ghiraldo,giraldor,giralfo,grijaldo,guiraldo
girata	jirata
girón	girom,guiron
gisela	guisela,hisela
giselle	guiselle
gladys	gadys,galdys,gladlys,glady,gladyi,gladyss,gladyz,glafys,glagys,gldys,gledi,gledys,ocladys,olgladys
glenda	glena
glori	glogi
gloria	cloria,floria,gliria,glloria,gloira,glolria,glora,glorias,glorid,golria,goria,groria,gtloria
gómez	comez,gmez,goems,goemz,goimez,gome,gomea,gomes,gomeza,gomnez,gomrz,gonmez,gpmez,homes,homez,romez
goneche	yoneche
gonzaga	onzaga
gonzález	fonzalez,ganzalez,ggonzalez,ginzalez,gionzalez
gonzalez	gomzalez
gonźalez	gonalez
gonzález	gonazalez,gonazlez,gonmzalez,gonnzalez,gonxalez,gonzaelz,gonzaez,gonzaklez,gonzale,gonzalea,gonzalezs,gonzallez,gonzalñez
gonźalez	gonzalwez
gonzález	gonzaqlez,gonzelez,gonzelz,gonzlaez,gonzlalez,gonzxalez,gonzzalez,gornazlez,gozalez
gonzalo	ganzalo,gonalo,gonsalo,gozalo
gordillo	girdillo,gordilloa,gordilo,gordoillo,gorsillo
goreti	gorecti
gorfina	forfina
gorila	gorrilla
goyeneche	goyaneche,goyenche,goyoneche,guyeneche
graciano	graciario,gracino
graciela	garciela,graiela,grciela
graciliana	gracialiana
graciliano	graceliano,gracialiano,gracielano,grasiliano
granados	garnados,granandos,granaos,granbados,grnados
granda	garndaza
grande	grnde
granja	granga
grass	gras
gregoria	grogoria
gregorio	gragorio,gregorioi,gregotio,greogorio,grgorio
grijalba	grigalba,grijaba,grijalbam,grijalbna,grijalbo,grijalva
grimaldo	grinaldo
gross	gorss
grosso	gorosso,grossom
grueso	gruezo
guacarapare	guacararare
guache	guacho
guadalupe	guadalup
guaje	guajes
gualdrón	gualdaron,gualtron
gualteros	gualtereos,gualtero
guanare	guanave
guanay	guanai,uanay
guanumen	guanume
guarín	garin,guarain,guerin,gurin
guarupe	guarope
guasguán	guasguam
guataquí	guiataqui
guateque	guatequi,guatoque
guatibonza	guatibonsa,guatiboza,guativonza
guavare	guavave
guaviare	guavare
guávita	yguavita
guayacán	guayancan
guayazán	guayatan
guecha	quecha
guerra	gerra,geurra,guera,guerrra
guerrero	gueerrero,guerero,guerreeo,guerreo,guerrera,guerreri,guerreroo,guerrreo,guerrrero,guerrro,gurerrero,gurrero,gurrrero,guyerrero
guesguán	gusguan
guevara	gevara,guebara,guevaro,guevarra,guevera,guevra
guillemo	guiller
guillén	guillan,guillem,guillemin,guilleng,guillent,guillin
guillermina	gillermina,guilermina,guillemina,gullermina
guillermo	fguillermo,fuillermo,gillermo,giuillermo,guilermo,guilklermo,guillemo,guilleremo,guillermmo,guillermoa,guillermoi,guillerno,guilllermo,gullermo
guineos	quineos
guío	giuo
guio	gui
guío	guin,guiok,guiop
guiomar	guimar,quiomar
guisado	guisao,guizao
gumercindo	cugmercindo,gumercendo,gumercino
gundisalvo	gunaisalvo,gundisalbo,gundisaldo,gundisavo
gusca	guazca
gustavo	egustavo,ghustavo,guastavo,guatavo,gusravo,gusta,gustado,gustao,gustava,gustgavo,gustvo,gutavo
gutiérrez	butierrez,cgutierrez,gitierrez,gtierrez,guetierrez,guherriz,guierrez,guiterrez,guitieerez
gutierrez	guitierrez
gutiérrez	gurierrez,gurtierrez,gutieeres,gutieerez,gutieerrez,gutiereez,gutierez,gutierrea,gutierreez,gutierres,gutierrgez,gutierriez,gutierrres,gutierrrez,gutierrz,gutirrez,gutirrrez,gutoerrez,gutuierrez,guutierrez
guzmán	duzman,guizman,guman,guzaman,guzmna
habacuc	habacut,habadub
haiver	haivher,haiwer
hamilton	halmiton
hamon	hammon
haney	haoney
harol	jharol
harold	arold
hasnery	yhasnery
haspe	hasped
haydée	haydde
héctor	ector,hactor,hctor,hecor,hectior,hectir,hecto,hectro,jector
heidy	heiddy
helecho	jelecho
helena	halena,helelna
hélida	helica
heliodoro	elidoro,heleodoro,helidoro,hiliodoro
helivardo	hemivardo
helman	helma,helmen
hemecinda	hermecenda
hemerson	hemersson
henández	hernandfez
henao	enao,heano,helao
hende	hendes
henock	henok
henríquez	henrriquez
henry	hennry,henrry,hernry,herry,hnery
hercilia	hecilia,hercilis
hercilio	herclio
hercinda	herecinda,hericinda
herederos	herede,herededros
heredia	heredeia,heredie
heriberto	hiriberto
herlinda	herlinada,herlind,herlnda
herman	hermann
hermelinda	heremelinda
hermelindo	hermelindoi
hermencia	hemencia,heremencia,hermenncia,hrmencia
hermenegildo	hermenejildo
hermeregildo	hermelegildo
hermes	germes,hermez
hermesinda	hermesenda
hermida	hermnida
hermildo	heremildo
herminia	heminia,hermninia,hernimia,hreminia,merminia
herminsul	hermilsul
herminta	hereminta
hermófilo	hermofilio
hermógenes	hermognes,hermojenes
hermosa	hormosa
hernán	ecnan,ernan,henan,hennan,herna
hernández	ernandez,ghernandez,hdez,henandez,heranandez,herandez,herandnez,hernadez,hernanadez,hernanandez,hernande,hernandea,hernandes,hernandezn,hernandezs,hernandezx,hernandz,hernanedz,herndes,hernendez,hernmadez,hernnadez,hrnandez,hrrnandez,merndez,nernandez
hernando	ernando,henando,hermando,hernado,hernamdo,hernanado,hernand,herndo,hernnando,heryando,hrnando,nernando
herra	herrra
herrán	herranz
herrera	heerera,herera,hererera,herrea,herreda,herrerra,herrerz,herreta,herrrera,hrrera
herrero	herrerno
heyner	heynner
hidalgo	hidaldo
hidelbrando	hidebrando,hilbrando,hilderbrando,midelbrando
hidelfonso	hedilfonso,hildefonso
hidio	hido
hierbas	hiervas
higinio	higiniio,higino,hijinio,hinigio
higuavita	higuarita
higuera	hifuera,higera,higuerra,higura,huguera,huiguera,iguera
hilda	hiilda,hila,ulda
hildebrando	bhildebrando,hedilbrando,helibrando,hildeb,hildebarndo,hildebranco,hildebrnado,hildelbrando,hlidebrando
hilder	holder
hillón	hillo,illon
hincapié	hincpapie,incapie
hinestrosa	inestrosa
hinestroza	himestroza
hinojosa	hinojojsa,honojosa
hipolita	hipolito
hipólita	nibolita
hipólito	hipilito,hipoluto,ipolito
hoffman	hofman
hofman	hotman,hozman
holguín	hlguin,hoguin,holgin,holgui,holiguin,holquin,jolguin
holman	holmman,homan
home	jhome
homero	holmero
honorato	onorato
honorio	honori
horacio	haracio,horaio,horancio,horcio,noracio
hormasa	horamas
hormaza	hormanza,hormasa
hormidas	hormindas,hormisda,hormisdas,hormistas
hornaza	hornasa
hortencia	hortecia,hortencoa
hortensia	horensia
hortúa	hurtua,ortua
hostos	hostoa,hosttos
hover	ohover
hoyos	hollos,hoyoa,huyos
huber	hwber
huberléin	hueberlin
hubeymar	hubeymal
huepo	huepa,huepoz
huérfano	bhuerfano,herfano,huerdfano,huerfanoi,huergfano
huertas	ehuertas,hertas,huertaz,huertgas,huetas,hurtas,juertas
huerto	huergo
hugo	dugo,gugo,higo,hjugo,hogo,ugo
humberta	hhumbertara
humberto	hmberto,humberti,humberyo,humbrerto,humbrto,humerto,hunberto,jumberto,umberto
humbolth	humboth
humos	humus
hurtado	burtado,huratado,hurtada,hurtadfo,hurtadon,hurtasdo,hurtdo,hurtgado,hutado
ibáñez	ibaez,ibanen,ibanez,ibbalez,ibenez
ibañez	ivanes,ivanez
ibarguen	ibargue
ibeth	ebeth,ibeeth,ibetd,ibh,itbeth
idalit	iladit
idelfonso	eidelfonso,idelfoncio,idelfonzo
idelson	idelsohn
idú	hidu
iglesia	iglesis
ignacio	icnacio,igacio,iganacio,igancio,ignacion,ignasio,ignnacio,ingnacio
ilce	lice
ildebrando	ildelbrando
ildelfonso	ildealfonso
ilmo	iilmo
ilsen	ibsen
imelda	himelda,imleda,inmelda
indalecia	indlecia
indalecio	indaiscio,indalencio,indolecio
inelsa	inelse
inés	enis,inees,lineis,nes
inéz	ginez,uniz
infante	infamte,infantes,infate
ingri	engri
ingrid	indrid
ingry	jingry
inírida	iniria
inmaculada	imda
inocencia	iniocencia
inocencio	inicencio,inocensio,nocencio
inocente	inocentes
insuati	insuastin
irene	erene,ireneo
iris	ivis
irma	hirma,idma
isaac	asaac,isaaca,isaacc,issac
isabel	esabel,iisabel,isabael,isabe,isabl,isamel,isbael,isbnel,izabel
isadora	isdora
isaias	isais
isaías	isaisas,isias
isairías	isarias,izairias
isaura	lisaura
isauro	iasauro,iauro
isidro	iisdro,isidreo,izidro,osidro
ismael	ismaell,ismalel,ismanel,isnael
ismenia	ismenial,ismrnia
ismer	ismmer
isnardo	iznardo
isnelda	hisnelda
isolina	eisolina,isilina,isolinna,izolina,odsolina
israel	insrael,irael,isarael,isarel,isreal
itacué	itague
ítalo	itali
itsmenia	istmenia
iván	eivan,iban,javan,livan,oban,ovan,vain
ivonne	ibonne
izaquitá	izaquito,izquita,izquito
izaza	zaza
izquierdo	isquierdo
jaamón	jamon
jacanamijoy	jacanamejoy,jacanamijay
jacinto	jacinio,jancito,jasinto
jacobo	tacobo
jahír	jaihir
jail	jaill
jaime	ajime,jaiem,jaimne,jamie,jaome,jeime,jiame,jime,joame
jainer	jainoer
jair	fair
jairo	enairo,iro,jaieo,jaior,jairi,jario,jay,jkairo,tairo
james	hames,jaems,jamez,janes
jamilton	jabilton
janeth	janedth,janeht,jeneth,jenethe,jianeth
janneth	jannett
jaquelina	jeaquelina
jaquelyn	jaquely
jara	hara
jaramillo	jamillo,jaramilo,juramillo
jasmín	hasmin
jaspe	jasped,jaspes,jaspez
jauregui	jauregul,jaurequi,jaurigui
javier	jabier,jaier,jaiver,jaover,jauer,javie,javiel,javir,jevier
jazmín	jazmid
jeanette	jaenette,jeanetta
jenifer	jenixfer
jenny	henny
jeremías	jeremeias,jereminas
jerena	jereda
jerónima	jeronina
jesucristo	jesuscriste,jeuscristo
jesús	jehu,jeses,jeseus,jessus,jesu,jesusu,jeus,jseus,jusus
jhoana	jhona
jhon	jhns,yhon
jiménes	jimenes
jiménez	jiemenez,jiemenz,jienmenez,jimanez,jimeez,jimemez,jimemnez,jimene,jimeneez,jimennez,jimez,jimnenez,jiomenez,joimenez,jumenez,kimenez,limenez,mjimenez
jimmy	jemmy
jiomar	jeomar
joaquín	jaoquin,jiaquin,joa,joaguin,joaqu,joaqui,joaquinn,joaqun,joquin
joel	foel,hoel,oel,ohel
johana	johaana,jojana,jonaha
johann	jahannx
johanny	jahanny
johnson	jhnson
jonson	honson
jorge	forge,jeorge,joege,joegr,joerge,jonge,jore,jorege,jorg,jorga,jorgee,jorgen,jorgfe,jorgge,jorgr,jorque,turge,yjorge
josé	jase,jiose,jjose,joae,jode,jodse,jope,jopse,jos,josa,josee,joso,josr,josre,jote,jse,juse,lose,ose
joselín	jeselin
joselyn	jselyn
joseu	joseue
josué	jouse
juan	jan,jauan,jaun,jua,juen
juán	jun
juan	juna
juán	jusn
juan	zuan
judith	juddith,judhit,judth
juez	jues
julia	jula,lulia
juliana	joliana
julieth	juileth
julio	jilio,jjulio,jlio,juio,juklio,juliio,julioi,juliuo,julo,juluio
junco	juncon
jurado	jurada,jurao
justiniano	juatiniano
justo	justp
juvenal	jabenal,jubvenal
juvencio	jubencio
juya	huya
jymmy	hymmy
kattah	kata,katta
klein	kline
kurmen	rurmen
kusguen	kusquen
ladino	ladfino
ladislao	ladislado
laguilavo	lagilavo
lamprea	lamprera,lamprez
lancheros	lancherosa
lanchica	olanchica
landaeta	landaete,landarta,landeta
landazábal	ladazabal
landeros	landero
landinez	landine
larrota	larorra,larota,larotha,larrotya,larrrota,larrtota,lorotta,lorrota
larsson	larrson
lasso	lassio
latorre	latoore
latriglia	latrigia,latriglea
laureano	alureano,laurenano,laurenao,laureno,lureano
laurencio	raurencio
laurentino	laurntino
lavachuco	lavacucho
lavacude	lavacucde,lavacudes
laverde	laberde,lavarde,lavverde,leverde
layton	laytom,olayton
leal	lael
lebi	leb
ledesma	ledezma
ledys	eladys,lydis
legaria	olegoria
leguízamo	legizamo,lequizamo
leguizamón	legisamon,legizamon,leguisamon,leguizamano,leguizamom,leguizanom,leguizmon
leguizamon	leguzamon
leguizamón	lequizamon,lequizanib,lequizazmon,liguizamon
leider	leaider
leidy	iedy
leiton	loiton
lelia	elelia
lemis	lemjs
lemus	lemmus,lemues,ñemus
lenis	lenus
leocadia	oleocadia
leocadio	leocaldio,oleocadio
león	eon
leon	lean
león	leonz,loen,ñeon
leonardo	leanardo,leionardo
leoncio	jeoncio
leonel	leonen
leonídas	laonidas,leomidas,leonias,leonidad,leonodas
leonilde	loenilde
leonor	leonos
leonso	leomso
leopoldo	leoplodo,lepoldo,liopoldo,loepoldo
leotilde	leofilde
leotulda	eleotulda
leovigilda	leogigilda,leoviglda,leovilgilda,lovigilda
leovigildo	leivigildo,leovigido,leovigilio,leovigldo,leovilgildo,leuvigildo,levigildo
lesmes	lismes
lester	lesster
leticia	eleticia
letrado	letredo
leyda	leyde
leyva	leyvae,leyvan
libadier	libbadier
libardo	libado,libardp,lifardo,livardo,lnibardo,luibardo,nibardo,olivardo,ribardo
liberato	liberado
libia	lipia
licímaco	lizimaco
lida	lid
liévano	liebano,livano
ligia	lagia,lijia,ñigia
lilia	luilia,oilia
liliana	lilliana
lilibet	lilibelt
lilly	luilly
limbania	linbania
linares	lianres
lionel	lidionel
lira	liral
lis	olis
lised	tised
liseth	leseth
livaniel	elivaniel,olivanel
livia	livida
liz	lix
lizandro	elizandro,lizadro,lñizandro
lizarazo	lilzarazo,lirazo,lizaraso,lizarazao,lizarozo,lizrazo
lizcano	lezcano
lizeth	elizeth,lezeth
llano	lano,liano
llanos	lanos
loaiza	koaiza,laoiza,loaisa,loaita,loasa,loiaza,loiza,oiza
lobatón	lobanton,lubaton
lola	lolo
lombana	limbana,lombada,lombano,lomoana,lumbana
londoño	lodoño,lomdono,londoña,londoqo
lopera	lopra
lópez	loepez,loepz,loez
lopez	loopez
lópez	lopaez,lopaz,lopea,lopeas,lopes,lopesz,lopexz,lopeza,loppez,loprez,loprx,loprz,loptz,lopz,lpoez,lppes,opez
lorenzo	jorenzo,loprenzo,lorezo
los	loo
lourdes	lurdes
lovis	lovvis
lozada	lozad,lozasa
lozano	losano,lozamo,lozana
lubín	lubdin,lubn,ludbin
lucía	lucua,luica,luicia,ñucia
luciano	liciano
lucidio	licidio,luicidio
lucila	licila,lucula
lucina	luicina
lucrecia	lucrcia,ludrecia
lucresio	lucresiop
ludibia	lubidia
ludín	ludim
ludina	luddina
ludovina	ludoviva,luduvina
luengas	luegan,luegas
lugan	luga
luis	dluis,inis,juis,lio,lius,ljuis,lluis,lois,lui,luia,luie,luisd,luisi,luiz,lus,lusi,luuis,luyis,lyuis,ñuis,uils
luisa	lousa
lumey	lumgmey
luna	liuna,lunas,luns
luque	luqque
luz	lez,lua,luizs,lz,ñuz
luzdary	luldary,luzday
luzmila	leusmila
lyda	lydda
lylyan	lyyan
macera	maceta
machado	machadp
machuca	machucha
macías	macios
macualo	macoalo,maculo
madeleine	madadeleine
maestre	mestre
magali	magale
magaly	magdaly
magda	magada
magdalena	macdalena,madgalena,magadalena,magadelana
magnolia	mignolia
magola	magoa,mayola
mahecha	mehecha,mmahecha
malagón	malagan,malgon
malaver	malaber,malvaer,malver
maldonado	amaldonado,madldonado,maldanado,maldonad,maldonadonado,maldonando,waldonado
malta	matla
mancera	manzera
manchego	macheggo,machego,mancheco,manchevo
mancipe	manzipe,marcipe,moncipe
manisalvo	munisalvo
manjarréz	monjarrez
manosalva	mamosalva,manisalvo,manosalova,manosalve,manossalba,marosalva,monosalva
manrique	manrrique,manrrrique,marique,mnarique
manríquez	manriqueta
manuel	anuel,manauel,manel,maneul,mannuel,manue,manueal,manuek,manuiel,manul,mauel,maunel,menuel,mnauel,munuel,nmanuel,numael
manzanares	manzaneras
marcela	maecela,marcelas
marcelino	macelino,marcilino
marco	amrco,maco,maeco,marca,marcon,marfo,martco,merco,narco
marcos	macos,mercos
mardoqueo	madoqueo,mardfoqueo,mardiqueo,mardogueo
marentes	morentes
margarita	margaita,margarira,margaritaq,margartia
margfoy	margffoy,margofoy,markffoy
maría	amaria,amria,ma
maria	maaria,maia
maría	majia,mamria,mañria,mara,marai,maraia,maraoia,mariai,marial
maria	mario
maría	mariua,maroia,maruia,matria,meria,mmaria,mraia,mria,muria,nmaria
mariana	mariama
marianeli	mariaenli
mariano	mariana
maribel	mariebl
maricela	maricla
mariela	amriela,nariela
mariluz	mariluiz
marín	mkarin
marina	amrina,maarina,marima,matina,mrina,narina
mariño	mariños
marino	narino
mario	marioo,rmario
marisela	marizela
marisol	amrisol,mamrisol,marizol,msrisol,narisol
maritza	martisa,martiza,martza
marleni	merleni
marleny	maleny,marrleny,mmarleny
marlis	marlisd
márquez	maquez,marqez,marqiuez,marque,marquea,maruez
martha	arta,lartha,maetha,maqrtha,marha,marhta,martah,martaha,martga,marth,matha,matrha,mmartha,mrtha
martín	amrtin,maartin,martgin
martínez	amrtinez,maatinez,maertinez,marftinez
martinez	maritinez
martínez	maritnez,martibnez,martienz,martiknez,martinaz,martinea,martineesa,martinenez,martinexz,martiñez,martineza,martinezs,martiniez,martinnez,martintez,martrines,martunez,matinez,matrinez,mattinez,mertinez,mkartinez,mmartinez,mrtinez,nartinez
mary	mady,mrry,mry
marycruz	maryrruz
maryen	mryen
matajira	matafira
matallana	matallna
matamoro	matamorro
matamoros	matamores
mateos	mateis
mateus	matues
matheus	metheus
matilde	matide,matlde,matulde,natilde
maura	mauta
mauricio	amuricio,fauricio,maruricio,maubricio,mauicio,maurcio,maurici,maurico,mauticio,meuricio
maximiliana	maximiliama
maximiliano	maximilaino
maximino	maximinio
maxlinder	mxlinder
mayorga	matorga,mauyorga
mayuza	emayuza
maza	maz
mazuera	manzuera,mosuera
medellín	medillin
medina	madina,maedina,mdina,median,mediana,medida,medidna,mediina,medin,medinas,meidna
medivelso	mnedivelso
medrano	niedrano
mejía	mejis,mejoa
mejia	mijia
melecio	melecion
melgarejo	meljarejo
mélida	umelida
melquecidec	melquecided,melqueicedec
melquíades	melguiades
melquicedec	melquicedes,mequicedec
melquisedec	lequecidec,melquesedec,melquesided,melquicede,melquiceded,melquicidet,melqusidec
méndez	maendez,medez,memdez,menbdez,mende
mendieta	endieta,mandieta,medieta,mendiata,mendienta,mendietac
mendivelso	mandivelso,medivelso,mendicivelso,mendilveso,mendivelzo,mendvelso,menidvelso,menndivelso
mendoza	emndoza,mandoza,mednoza,medoza,memdoza,memndoza,mendosa,mendoz,mendozza,mendza,menodza,menoza,mjendoza,mondoza,mrndoza,nendoza
meneses	menece
menjura	mesjura
menjure	menjuere,menjuro
merardo	esmerardo
mercedes	marcedes,mecedes,mercades,mercede,mercedez,mercees,merceses,merecdes,merecedes,meredes
merchán	meerchan,mercan
merchan	mercgan
merchán	mercham,meschan,mrchan
merchan	neachan
merizalde	meryzalde
mery	emery
mesa	measa,mesas
micaelina	micadelina,micailina
miguel	meguel,mibuel,mifuel,migel,migeul,migfuel,migiuel,miguelñ,miguiel,migul,migule,mioguel,misgel,muguel,niguel
miguez	niguez
mila	minla
milbia	emilbia
milcíades	milcades,milciadej,milciadez,milcidades,milcides
mileidi	meleidi
mileidy	emileidy
milena	emilena,nilena
milla	mila
millán	millian,villan
milton	emilton,militon,nilton
minislav	mnislav
miranda	miramda,miranada,mirando
mireya	mideya,mireye
miriam	miiriam,mimriam,mriam
mirian	miriamn
miryam	mairyam,miryma,mityam,miyiam,miyryam,mryam
misael	emisael,masael,misaerl,misazel,mosael,nisael
mogollón	mogollin
moisés	mioses,moices,moiseis,moseis
mojica	hojica,majica,mojoca,nojica
molano	malano,moalno,molamo,molana
molina	miolina,molila,molin,molinna,molna,molono
moncada	mocada,monacada
mónica	mnonica,monia,monoca
monroy	manroy,monrpy,monrroy,moroy,nonroy
monsalve	monsalbe,monsalvo,monsave,monzalve,mosalve
monsocua	moncosua,monsogua,monzocua
montalvo	moltalvo
montana	mantana
montaña	mantaña,monaña,monotana,montala,montña,motaña
montañéz	mntañez,momtañez,monañez,montanez,montaqez,montenez,montñez,mopntañes,motañez
montaño	montañoo
montealegre	montealegra,montealegro
montenegro	montenefro,montenegre,montenero,montengro,montnegro,motenegro
montero	monteno
montes	montez
montiel	monteiel,montien
montoya	monotya,montaoya,montoña,montota,montoyua,montoyya
monzaque	nonzaque
monzoque	monzaque
mora	mona
morales	borales,moarales,moerales,moirales,molrales,morakes,moralers,morles,morqales
morano	morana
morantes	morants,orantes
morcote	norcote
moreno	mareno,mereno,monero,mopreno,moreeno,morejo,moremo,morenio,morenop,morenp,morerno,morneo,morno,morreno,mpreno,mreno,mroeno,noreno,rmoreno
morera	moreda
morillo	morrillo
mosquera	mesquera,mosquerea,mosquero,mosqura,mozquera
mosso	moso,mosos,mossos
motrovich	motrovtch
motta	mottas
moya	noya
moyano	motano,moyana
mozo	moza,mozzo
mujanajinsoy	muyanajinsoy
munca	muncia
múnera	monera
muñetón	muñetonez
munévar	minevar,monevar
munevar	munebar
munévar	muneva,munevara,munevvar,munrvar
muñíz	muniz
muñoz	mañoz,mmuñoz,moñoz,mulñoz,munñoz,munñz,munoa,muñoaz,muñon,muñuz,muuunoz
murcia	hurcia,mucia,murci,murcias,murcio,murica
muriel	mouriel,mueriel
murillo	muriilo,murilli,nurillo
mutis	mutiz
myriam	amyriam,yriam
myrian	mmyrian,myruan
nacianceno	ceno,naciaceno,nacianeno
nadia	nadja
naír	nairp
najar	najas
nancy	mancy,naci,nacy,nansy,nany,pnancy
napoleón	mapoleon
naranjo	narajo,naramjo,naranajo,naranio,naranj,naranja,narnajo,nranjo
narciso	narcisa
narváez	narvades
natividad	natividd,natvidad
navarra	navarre
navarrete	navarreta,navarrte
navarro	navarrro
navas	navasa
nayibe	nayube
nayive	yanive
nehemías	nuhemias
neiger	nneiger
neira	eira,niera
neita	neitar
nelci	nelcis
nell	null
nelly	helly,nelluy,nully
nelson	lelson,melson,nelsson,nelzon,neslson
nelsy	nalsy,nelssy,nrlsy
nely	bely
nemeguen	nemegen
nemesio	menecio
némesis	nemecis
nemocón	nemocom
nepomuceno	mepomuceno,nepoceno,nepomiceno,nepomunceno,neponuceno,nepumuceno
nereida	enereida
nereo	hereo,mereo
nery	nenry
néstor	nestro
nestor	restom
neuta	neuto
neville	nevilla
neyib	neylb
niampira	niempira
niceforo	nicefaro
nick	nickk
nicodemos	nicudernos
nicodemus	nicidemus,nicodermus,nicudemos,nicudemus
nicolás	nicaolas,nicoals
nicomedes	nicimedes,nicomede,nicomeres
nidia	midia
nidya	nidiya,nudya
nieto	nieta
nieves	niebes,nives
nina	neina
ninfa	nifa
niño	iño,neño,niñi,niñlo,ninño,niñño,ñino,ñiño,nio,nno,noño
niquepa	niquema,noiquepa
nirson	rinson
nitola	nitla,nitolas
niyereth	niyireht
noboa	noboha
nocobe	nocobes
noé	enoe
noemi	noeni
noguera	noghuera
nohemi	moemi,mohemi
nohemí	nehemi
nohemi	nohemmi
nohemy	nohemmy
nohora	hohora,nahora
nolberto	nolverto
nomezque	nomezqui
nontien	nontian,nontiel
nonzoque	nonsaque
norato	noratto
norberto	norbeto,norbrtp
norbey	narbey,norbay
norela	norel
noreyda	noreday
noriega	norega,noriego
norma	nolma
nova	novao,novas
novas	novan
novoa	nocoa,novo
nubia	nibia,nubias,nubvia,ubia
nubya	nybya
numesque	mumesque,numesqui
numpaque	nuhpaque,numpaquen,numpeque,nunpaque
núñez	luñez
nuñez	neñez,nunez
nunila	anunila
nunsaba	nunzaba
nustez	nustes,nutez,ustez
nutez	nuste
nuvia	nuvis
nydia	nyidia
obando	obado,obanso,ovando
obdulio	obdulo
obregón	abregon
obregoso	obregozo
ocación	ocaciones
ochoa	ocha,ochao,ocho,ochoia
ocías	ozias
octaviano	octtaviano
octavio	octoavio
octimia	octima
odilia	odila,odulia
odilio	idolio
ofelia	oefelia,ofela
ofir	offir,ofil
oicata	oicara
ojeda	ijeda,ojedas,pjeda
olano	holano
olarte	larte,olartte
olegario	olegar,olejario,oregario
olga	alga,aolga,loga,ola,olag,olba,olgal
olinda	holinda
oliva	noliva,olivan,olova
olivares	olivaros
olivarez	livarez
oliverio	gliverio,oliberio,olivorio,oloverio
oliveros	iliveros,oliverios,oliverosd
olivo	ovilo
olivos	ilivos
olmedo	olmado
olmos	oimos,olmoso,plmos
olver	olvar
omaira	oamaira,omaida,omaria,omarira
omar	aomar,homar,omarl,umar
omayra	omayra
oñate	onate
onésimo	onesino
onofre	onpfre
onorio	onoto
oracia	orocia
ordener	ordenel
ordoñez	ordoña,ordonez,ordono,ordoño,ordonoez,ordopes,ordoquez
orduña	orduna
ordúz	ordez,ordus
oreja	orejas
orejarena	orajarena
orentire	orentive
orestes	oresteres
orfelina	orfelinda
orfelminda	orfelmilda
orfilia	erfilia,olfilia
orjuela	ojuela,orjuella,orjuelo
orla	orlas
orlando	arlando,horlando,oelando,olando,olrlando,oralando,orlado,orlalando,orlonado,orrlando
ormaza	ormasa,ormazo,ornaza
ormidas	ormindas
oromacio	oromancio
oropesa	oroposo
oropeza	oaopeza,oropez,orpeza,osopeza
oros	oroz
orozco	arozco,orizco,orosea,orozvo,ortozco
ortega	hortega,ortegas
ortegate	ortagate
ortegón	ortefon
ortiz	artiz
ortíz	ortix,ortizx,orttiz,ortyz,ortz,orytiz,otiz,otriz,prtiz
osa	gosa,hosa
osbaldo	oxibaldo
oscar	odcar,orcar,osacar,osacr,oscaar,oscr,osvar
oseas	oses
osman	osmani
osorio	ososrio
ospina	ospins
ossa	osses,osso
ostios	hostios
ostos	ostor,ostoz,osttos
osvaldo	osvlado,usvaldo
oswaldo	osealdo,oswald,oswlado,oswldo,owaldo,wsbaldo
otálora	otalara,otalota,otlora,otolora
otálvaro	otalbaro
otavo	octavo
otelo	hotelo
otilia	ostilia,otiia,otlia
otocilia	otolicia
ovalle	oballe
ovejero	obejero,ovejeros,ovejrero
ovidio	enovidio,ividio,ofidio,ofilio
oviedo	obiedo,ovedo,ovies
oyola	ouola
pabhuense	pabguence
pablina	pablinia
pablo	ablo,apblo,pable,pabloa,pabo,pabvlo,pamblo,pblo,peblo,plablo,plabo
pabón	pablon,pavon,pavor
pacabaque	pacaboque,pacavaque
pacacira	pocacira
pacanchique	pacanahique,pacanchipe,picanchique
pacateque	pacatoque,pacatuque
pacavita	pacavi
pacheco	pacheca,pavheco,racheco
pacho	paecho
pachón	pacvhon,pechon
paco	ipaco
pacomio	paconio
padilla	padill,pandilla
padres	pabres
páez	oaez,pea,peaz
paiba	paia
paipa	papipa
paipilla	paipalla,paipillac,paipillla,paiplla
palacios	oalacios,palacioc,palacion,palcios
palencia	palaencia
pallares	palleres
paloma	palom
palomares	palomeras
palomino	palimino,paloimino,palomina,palomini,palominio
pamenio	paemenio
pan	pam
panfilo	ponfilo
paniagua	paniaga
panqueba	pamqueba,panqueaba,penqueba
panqueva	panquva
pantoja	pantuja
paola	paol
parada	paarada,padara,parara,parrada
paredes	parades,paredess,paredez,parees
pareja	parejas
parmenio	parmeneio,permenio
parra	parras,parrea,parro,parrra,parrsa,parz
parrado	parrade
pasachoa	pasacho,pasachoba,pasachoca,pasachova,pasatoa,pasochoa,psachoa
pascual	pacual
pascuala	pascula
pasion	pacion
pastor	pator
patalagua	pacalagua,pacaloguo
patarroyo	pararroyo,pataroyo,patarrayo,patarro,patarrollo,patarrouyo,patarrpyo,patarruyo,patorroyo
paternina	paterlina,patermina
patiño	atiño,paatino
patino	patina,patini
patiño	patño,patriño
patricia	paricia,particia,paticia,patrcia,patrica,patrici,patricias,patricica,patricua,petricia,ptricia
patricio	patricia,patricio
patrocinia	patricinia,patrocina
patrocinio	patricinio,patrocino
paula	paulia
paulino	paulimo
paulo	paulo
paz	pas,pawz
pedraos	pedrao,pedraor
pedraza	padraza,pesdraza,pesraza,piedraza,predraza
pedro	iedro,oedro,padro,pdero,pedfo,pedfro,pedo,pedor,pedrop,pedros,pedrp,pefdro,perdo,pero,pesro
pedroza	pedoroza,pedroa,pedroz,pedrza,petroza
peláez	pelaes
peña	eña,lpeña,paña,pena,peño,prña
penagos	panagos,peñagos
peñalosa	pañalosa
peñaloza	peñañoza
peñón	penon
perafán	perefan
peralta	paralta,peralata
perdomo	perdoma,pordomo
perea	penea
peregrino	perefrino
pereira	oereira,pereiro
pérez	oerez,paeres,paerez,peerez,peraz,pere,peres,perrez,pertez,perz,prez
perico	pericon
perilla	parilla,perella,periila,periilla,perill,perrilla
pesca	oesca,pescva
pez	lpez
piamonte	piamente,piamento
pidiache	pidache
pidiachi	pidiahi,pidrachi
piedrahíta	piedraita,pihedradita
piero	priero
pineda	pinada,pinda,pinea,pineada,pinedas,pinedea,pinena
piñedes	piñedez
pinedo	pimedo
piñero	pinero
piñeros	peñeros,pieros,pineros
pinilla	pinill,pinillas,pinillla,pinillna
pinto	ointo,pvnto
piñuela	pinuela
pinzón	penzon,pinson,pinzaon,pinzn,pinzo,pinzonm,pinzzon,pizon,pnzon,puinzon
pipe	pippe
pirabague	pirabaque
pirabaque	pirabaquen
pirachican	oirachican
pirachicán	pirachica
piracon	piraconia
piragauta	piraganta,piragata,piraguta,piregauta
piraguata	piranguata
piraján	pirafan,pitajan
piramanrique	piramanrrique
piraquive	peranquive,piraquieve,piraquire
pirateque	pirataque,piroteque
piratoba	piratobo
piratova	piratovo
piravague	piravaguen
piravaque	piraraque
pirazán	piraza
piriache	pirioche
pito	pitio
piza	pizan
plauxila	plauxcila
plazas	olazas,piazas,piazaz,plazasd,plazaz
plinio	plimio
polidoro	poliodoro
polo	pola
pompilio	pmpilio,pompilo
ponare	ponares
ponguta	panguta,pnguta,poguta
porfidia	profidia
porfidio	pofidio,profilio
porfirio	purfirio
porras	poprras,porraz
portela	portella
portilla	potilla
portuguéz	portuquez
posidia	poisidia,posidea
posso	possso,possu
poveda	peveda,pobeda,povedae,povedda,povesa,pveda
praxedes	prasedix
praxedis	praxedi,praxedia,prexedis
preciado	ppreciado,prciado,precida,presiado
precistato	prescistato
pregonero	pregonera
presentación	precentacion,prersentacion
prieto	pierto,pieto,pireto,prieta
primitiva	rimitiva
primitivo	primotivo,primtivo
priscila	pricila,priscilia
profetiza	profetisa
próspero	proespero,propero
puentes	pentes,puents
puerto	perto,peurto,puereto,puertop
pulido	pilido,polido,poludo,pulid,pulida,pulide,pulidso,pulio,puliso,pulñido
puno	pumo
pureza	puereza
quenguan	queguan
querubín	quirubin
quevedo	aquevedo,quebedo
quezada	quejada,quesda
quiazua	quizua
quicasaque	quicazaque,quicosaque,quincasaque
quiceno	quinceno,quinseno,quiseno,quiteno,quizena
quijano	quivano
quimbayo	quimbayos,quinballo
quinaya	quinayas
quiñones	quinoes,quiñoes,quinoles,quiñone,quiñoñes,quiñoñez
quinta	qunta
quintana	qintana,quinana,quintanma,quintaria,quintiana,quintna,quitana
quintero	quientero,quijntero,quinteto,quintetro,quintro,quintrro,quitero,quntero
quiroga	guiroga,quieroga,quiroja,quuiroga
quiróz	quinoz,quiros,quirox,quuiroz
quispi	quispe
quitián	quitia,quitiam,qutian
quróz	quiorz
raba	rabia
rafael	fafael,farael,prafael,raafael,radael,rafae,rafal,rafale,rafel,rafpael,ragael,rarael,refael
rafaela	rafaea,rafael
rafaelino	rafaellno
rafico	rafic
ragua	raga,regua
raimundo	raimu
ramírez	rairez,ramairez,rami,ramierz,ramireez,ramires,ramireza,ramirirez,ramirrez,ramirz,rammirez,ramoirez,ranirez,ranmirez,rmirez
ramiro	raniro,reimiro,roamir,romiro
ramón	ramom,ramopn,romon
ramos	mramos,ramoz,romos
rangel	rangil
rátiva	raativa,rattiva
raúl	raule,rauul
ravelo	ravalo,rave,ravela,raveo
raymundo	raymindo
rayo	rayoozo,royo
real	reat
reapira	rapira
reatiga	retiga
rebeca	reveca
rebolledo	rebollero,rebolleso
recalde	reclde
redondo	rewdondo
refugio	refujio,rufujio
reina	oreina,reiva
reinaldo	irenaldo,reinaldpo,reinandlo,reinando,reiunaldo
reinel	reine,reined,reniel
reinoso	reinozo
remigio	remijio,renigio
rendón	redon,rendo
rengifo	renfijo,renjifo,renjigo
rescanevo	rescanebo
restrepo	restrespo,resttrepo
resurrección	resurecion,resurrecion
retavisca	retavista
revellón	revelion
revelo	revlo
reyes	reyas,reyesa,rteyes,ryes
reynaldo	beynaldo,reynando,rynaldo
riaño	reaño,riañ,riano,triano
riapira	riapire,riopira
riascos	riasco
riátiva	riatica
riay	riai
ricardo	ricarco,ricarddo,ricarod,ricrdo,ridardo,rocardo
ricaurte	recaute,ricauerte,ricaute,ricauter,ricuaurte,sricaurte
richard	richar
rico	rco
rigoberto	digoberto,riegoberto,rigober,rogoberto,wigberto
rincón	erincon,ricon,rimcon,rincom
rincon	rincxon
rincón	rioncon,rncon,roncon
ripe	rippe
riscanevo	ricanevo,riscanebo,riscaneo,riscanero
riso	risos
rita	cita,rta
rivadeneira	rivadeneria
rivas	rijas
rivera	ivera,revera,rilvera,rivea,riviera,rvera
riveros	riberos,riveras
rivilla	rivillas
roa	roam
robba	robha
roberth	robberth
roberto	hoberto,rberto,reberto,robefto,robreto,rooberto,ruberto
robles	rlbles,robblez,roble,robls,rubles
roboán	roboban
roca	roc
rocha	racha
roche	rochem,rochen,roches
rocío	rosio
rodolfo	rodolco,rodoldo
rodrigo	rodrigom,rudriguos
rodríguez	eodriguez,odriguez,ordriguez,redriguez,ridriguez,riodriguez,robriguez,rocdriguez,rocriguez,roddriguez,roderiguez,rodiguez,rodirguez,rodiriguez,rodirugez,rodkriguez,rodlriguez
rodriguez	rodrdiguez,rodreiguez,rodrgiuez,rodrguez,rodrifguez
rodríguez	rodrifuez
rodriguez	rodrigez
rodríguez	rodrigfuez,rodrigguez,rodrigiuez,rodrigrez,rodrigtuez,rodriguaz,rodrigue,rodriguea,rodriguen,rodrigueza,rodriguezsa,rodriguezx,rodriguiez,rodrigurez,rodrigurz,rodriguuez,rodrihuez,rodriuez,rodruguez,rodruiguez,rodsriguez,rodtiguez,rofdriguez,rogriguez,roidriguez,roldriguez,roodriguez,ropdriguez,roriguez,rosriguez,rpdriguez,srodriguez
rodulfo	rodulf,rofulfo
rogelia	rojelia
rogelio	regolio,rofelio,rogilio,rojelio
rogerio	rogero
rojas	fojas,rejes,rjas,roajas,roajs,rogas,roja,rojaas,rojar,rojsa,roojas,rpjas
rolando	rolandso
rolfe	relfe
romer	bromer
romero	riomero,romera,romeroo,roomero,tomero
romualdo	roumaldo,rumualdo
roncancio	roncancancio,roncanchio,roncancios
ronchanquira	ronchaguila
ronchaquira	ronohaquira
ronderos	roderos,rondero
rondón	rodon
rooselvet	rooselveit
roosembel	roossembelt
ropero	ropoero
roque	raque,rioque
rosa	raosa,rasa,roasa,ros,rosaa,rosac,rosai,rpsa,rsa
rosabel	rosalbel
rosalba	rasalba,rosalbva,rosañba,roslba
rosalbina	rosdalbina
rosana	rasana,rosan
rosario	rosaio,rosalio,rosirio
rosaura	rasaura
roseli	reoseli
rosemberg	roosemberg
rosendo	rosend
rosero	rusero
rosevel	rosesvel
rosillo	rossillo
rosmira	rusmira
roso	rosro
rosolino	rosolindo,rosoliwo
rozo	drozo,rozzo
rúa	ruha
rubén	riben,roben,rube
ruben	rubel
rubén	rubnen
ruber	ruhber
rubi	ruble
rubiano	ribiano,rubiamo,rubiaqno,rubuano
rubio	ruvio
ruby	duby,luby,rubyi
rud	rup
rudecindo	rudencido,rudencindo
rueda	ruedo
rufiniano	refiniano
ruíz	riuz,rui,ruia,ruis
ruje	rujer,rujes
rusinque	risinque
russi	russsi,russu
russy	rusy
ruth	rotth,ruht,rutn
ruver	rurover
saavedra	saaavedra,saavadra,saavedrach,saavedro,saavedrsa,saaverda,savedra
saba	saoba
sabaraín	sabrain,savarain
sabat	sabaat,sabah
sábato	savato,zabato
sabogal	sagobal,sambogal
sabria	zabria
sabulón	sabulom
sacristán	sacristian
sáenz	aenz,saen,saens,saez,sahenz,sainz,sanenz,sanez,sanz,sawenz,zaes
saganome	sacanome,sagadome,saganone
sahira	sarahi
saida	saidia
sairías	sairas
saiz	sais
sajonero	sajoneo
salamanca	salamaca,salamamca,salamanaca,salamanc,salamca,salamnca,salananca,salanca,salanmanca,salmamanca,salmanca,slamanca,solamanca
salanueva	salanuevo
salas	salaz
salazar	salarzar,salasar,salazr,slazar,zalasar,zalazar
salcedo	sacedo,salbeldo,salcero,salceso,salledo,salsedo,saucedo,slacedo,slcedo
saldaña	saladaña,saldana,saldaño,sandaña
saldana	seldana
saldarriaga	saldearraga
salem	saleme
salgado	dalgado,salgadao,salgados,zalgado
salguero	salguer,salguera
salinas	salijnas
salomón	salamon,salimon,saloman,salomom,solomon
salustiano	salustriano
salvador	salbador,salvadro,slavador
samacá	samaco
samaniego	samaniegop
samír	esamin,esamir
samit	samict
samora	samaro
samudio	sanudio
samuel	samel,samiel,saumel
sanabria	asnabria,samabria,sanabia,sanabra,sanabrai,sanabraia,sanabrias,sanabruia,sananabria,sanaria,sanbria,snabria,zanabria
sánchez	anchez,asanchez,saanchez,sachez,sanachez,sancehz,sanche,sanchea,sanchezp,sanchezs,sanchsz,sancjez,sanhez,saqnchez,sauchez,sdanchez,snachez,snchez,ssanchez,zanchez
sandino	sadino,samdino
sandoval	andoval,isandoval,saandoval,saldoval,sandaval,sandobal,sandovel,sandovl,sandovla,sondoval,zandoval
sandra	sadra,sanadra,sandre,sanra,snadra
sanín	zanin
santafé	santefa,santefe
santiago	santigao
santisteban	santiste,satisteban
santos	saltos,sanatos,satos
sanudo	sañudo
sara	saarai
sárate	usarate
saraza	sarazo
saret	sarete
sarmiento	sarmeinto,sarmient,sarmientos,sarmineto,sarminto,sarmrmiento,sermiento
sarrazola	zarrazola
sastoque	sostoque
sastre	satre
sativa	satiba
satizábal	zatizabal
satoba	satova,zatoba
saturdina	sartudina
saúl	sal
saulo	isaulo,saule
sebastián	sabastian,sevastian
segismundo	segimundo
segovia	segavia
segua	seguia
seguera	wseguera
segundo	degundo,segindo,segunco,segunde,segundop,segungo,sgundo
segura	saegura,seguro,sgura,sugura
seija	seijas
selva	soelva
senejoa	sejejoa,senejoc
seneth	senteh
sepúlveda	sapulveda,selpuveda,sepilveda,sepulvada,sepulvda,sepulvedas,sepulvelda,sepulvrda,sepuveda,supelveda,supulveda
sequera	sequeda
serafín	sereafin
sergio	segio,serfio,serguo
serna	zerna
serrano	seerano,serano,serranao,serrrano
severino	seberino
severo	sebero
shalosky	shdloski
siabato	siadato,siagato,siahato,siavato,sibato
siachoque	siacnhoque
siatama	siatana
siatame	siagame
siaucho	saucho,siacho,siauchoa,sigucho
sibilina	silbilina
siboche	sibocha
sicacha	sicaha
sichaca	siacacha
sichacá	sichaco
sicuamia	sicuania,sicuaria
siempira	siempia,sienpira,simpira
sienn	siennn
sierra	cierra,sieera,siera,sieraa,sierrra,sirrea
sierva	sirva
siervo	sirvo
sigifredo	sifigredo,sifredo,sigilfredo,siguifredo,siguilfredo,sisifredo
silva	silava,silbva,silv,silvan,siva,slva
silvania	silvaria
silverio	silberio,silveio
silvestre	silbestre,sivestre,slvestre,sulvestre
silvia	silivia,silvis,slvia
silvino	isilvino,sivino
silvio	silvo,sivio
simanca	simanco
simbaguera	silbaquera
simbaqueba	simbaquera,sinbaqueba,sinvaqueva,zimbaqueba
simbasica	sinvasica
simmonds	simnds,simonds,sinmos
simón	simom
sinaí	senai
sinforoso	sinforozo
siria	sigria
siriaco	siriarco,sirico
sixto	sisto
smorz	smorrz
socadagui	socadaguay,socadogui,socaragui
socha	sochas,soche,socho,ssocha
sofía	saofia,sifia
sogamoso	sogamos
solano	salamo,salano,solao,zolamo
soledad	soleda
soler	foler,soer,sole
solera	solere,solero
solís	soliz
solman	solmaan
solorza	solarza
sonia	sania,sonnia
sonya	conya
soraca	soracai,sosraca
sosa	saosa,sose
sotachán	sitachan
sotaquirá	sotaqira,sotquira,zetaquira
sotelo	zotelo
soto	solio,sosoto,sot,sotgo,zoto
sotobán	sotoba
sotomonte	sotomomte
stella	sttella
stillfried	stillffrid
suancha	sancha
suárez	sauarez,saurez,siarez,suaerez,suaez,suarea,suarewz,suareza,suartez,suatrez,sueraz,suerez,suparez,suraez,surez,suzarez,suzrez
suarique	surique
suavita	suavitas
suaza	suaz
sucerquia	sucergia
sucesión	sicesion,sucecuin,sucesio
sucre	sucr
suesca	suesa,suescu
suescún	suascun,suecun,suscun,susecun,zuescun
suica	suiga
sumapáz	sumsapaz
supanteve	supantive
suspe	susped
sustampira	sustanpira
susunaga	sasunaga,suzunuaga
szemelveisz	zsemelveis
tabaco	tabacco,tobaco
taborda	tabora
tafúr	tafurh
taita	taite
talero	tajero,tolero
tamayo	mitamayo,ramayo,tamajo,tamyo
tambo	tamo
tandioy	tandio
tangua	tongua
tapia	tapial,tapie
tapias	tpias
tapiero	tapieros,topiero
tarazona	taazona,tadazona,tarzona,toarazona,torazona
tarcisio	tracisio
tarciso	tarsiso
tarquino	torquino
tatiana	tadiana,tatitana
tavera	taverra
teatino	tiatino
tegua	tengua
tejedor	tejedro
telésforo	teresforo
téllez	tollez
temístocles	temisclotes,temistocle
tenjo	tanjo
teobaldo	toebaldo
teodomila	teodomilaz
teodoro	toodoro
teofilde	tiufilde
teófilo	teolfilo,toefilo
teovaldo	teowaldo
teresa	terersa,teresia,terez,tertesa,tesesa
tereza	terezqa
tetelúa	tetelva
teudolo	teudulo
tibabija	tibobija
tibacuy	tibacay,tubacuy
tibaduiza	tabaduiza,tiabduiza,tibaduisa,tibaduza,tibaudiza,tivaduija,tobaduiza
tibagán	tibacan
tibambre	timbambre
tibamosa	tivamosa
tibamoso	tibamozo
tibamozo	tibanoso
tibaque	tibawue
tibaquira	tibaquera
tibatá	ibata,tivata
tibavija	tibarija,tibavila,tivabija,tivavija
tibay	tibai
tiberio	taberio,tiberi,tuberio
tiburcio	tuburcio
tiedra	tiendra
tiga	tigab
tilia	tiltia
tilsia	tilsa
timoleo	etimoleo
timoleón	timeleon,timoelon,timoleo,timoteon
timoteo	tinoteo
tinedo	tineo
tinjacá	tijaca,tinjaco
tinoco	tonoco
tiófilo	tiofelo
tipazoca	tipazola
tirso	tirsio
tiusaba	tiosaba
tiuzo	tiuso
tobar	tebar
tobaría	tovaria
tobasura	tobasora,tobazura,tovasura
tobian	tobiam
tobito	tobitos
tobón	pobon
tocarruncho	tocarrucho,tocarrumcho,tocaruncho
tojanci	tijanci,tofanci,tofansi,tojansi
toloza	toluza
tomás	tumas
toncón	tancon,toncan,toncom
toner	tones
tongua	togua
toni	tuni
tonocolia	tonocobia
tonsasci	tonsanci
torache	toroche,trache
toribio	tonibio
tornero	torneros
toro	tooro,toros
torrecilla	tordecilla
torres	rorres,rorrez,storres,tarres,tiorres,tirres,toores,torers,tores,torra,torree,torrers,torresa,torresc,torrres,torrs,tprres
toscano	tozcano
totaitive	totaitine,totative
tovar	tavar,tobvar,tova,tovat
tovasura	toasura
tránsito	trancito,tranisto,trnasito,trnsito
translaviña	translavina
traslaviña	traslavina,traslavino
trejos	trejo,trelos
triana	riana,trinana
triglia	ltriglia
trillos	trillo
trinidad	trinadad,trindad,trinidada
tristancho	tristanho,trsitancho
truca	truga
trujillo	teusillo,trijillo,trujilla,trujullo
tuay	tuai
tufik	tufic
tulfo	tiulfo
tulio	lulio,tuluio
tumay	tumqay
tunarosa	tumarosa
tunarrosa	tanarrosa,tunarroza
tunjacipá	tunjazipa
tupanteve	tunpanteve,tupantebe,tupantene,tupanteves
turbay	turgay
turiel	ituriel
ubaldina	ubaldin
ubilerma	ubilema
uchamocha	nuchamocha,uchamoncha,unchamoncha
ucrós	hucros,ucross
uladislao	ulaislao
uldarico	huldarico,uldlarico
ulises	eilises,hulise,ulisee
ulloa	ullo,uloa
ulpiano	upiano,upliano
umaña	humaña,omaña
umbacia	umbacio
umbariba	umbariva
umbarila	humbarila,umbarela,umbarilla
uncaria	uncacia
undelina	ohundelina
unibio	umibio
unriza	unrisa,unrrisa,unrriza
unrriza	hunrriza
urazán	urazn
urbano	hurbano,urbamo,urvano
urego	uruego
ureña	uraña,urena
urian	uriam
uricoechea	uricochea
uriel	huriel,oriel,ureil,wriel
urintive	urientive,urintibe,uritive
uriza	urisa
urpiano	hurpiano
urquijo	orquijo
urrea	urra
urrego	urego,urreco,urrega
urrutia	urritia
úrsula	ursulla
urueña	uruena
usaquén	usaquin
uscátegui	iscatequi,oscategui,ucastegui,usactegui,uscategue,uscateguy,uscateque,uscatequi,usscategui,uzacategui
useche	useche,usechi,usueche
useda	useta
usgame	osgame
usme	usma,usmen
uva	luva
uvaldina	uwaldina
uvaldino	uwaldino
uyabán	huyaban,uzaban
vaca	vaaca
vacares	vacarez
valbuena	vabuena,valbuana,valbuna,vavuena,velbuena,vilbuena
valcárcel	valcarcer,valvarcel,varcalcel,varcarcel
valderrama	balderrama,vaderrama,valderama,valderra,valderraa,valderrema,valderrma,valdrrama,valerrama
valdés	caldes,caldez
valdión	valdian
valencia	valancia,valenica,venencia
valentín	valentim
valentina	balentina,valetina
valeria	valerian
valerio	balerio
valero	velero,vlero
valest	valets
valiente	vaaliente
vallares	vallarez
vallejo	ballejo,valejo,valleja,vallejos,vellejo
vanegas	vanefgas,vanega,vanegaz
vaquero	vauero
vaquiro	vaquijo
varela	varelas,varelo,zarela
varelo	vaelo
vargas	vagas,varagas,varags,varas,varg,varga,vargaas,vargal,vargar,vargasa,vargs,vargsa,varhgas,vasgas,vasrgas,vcargas,veargas,vergas,vragas,vrgas
vasallo	vasalla
vásquez	basquez,valsquez,vaquez,vasqquez,vasque,vasuqez,vazques
vega	bvega,vaga,vegal,veha,yega
vegamaría	veramaria
velandia	elandia,valandia,veladia,velanadia,velanda,velandai,velandaia,velandi,velandoia,velania,velanida,velndia,veñandia
velasco	valazco,velascom,velascop,vellasco,velzaco
velásquez	valasquez,velasque,velasques,velasquz,velazque,velazques,vlasquez
vélez	veles
velosa	lelosa
venado	yenado
venancio	venacio
venavides	venavidez
ventura	bentura
vera	vara,versa
verbel	verbal
verdugo	erdugo,vedugo,vergudo
verenice	verenise
vergara	bergara,vaegara,vargara,vegara,velgara,veragara
vergel	berjel,velgel,vergell,versel
verona	vergona
verónica	beronica
viajan	viayan
viancha	vianca,wiancha
viasus	viausus,viazus
vicencio	vecencio
vicenta	vicneta
vicente	vecente,vicenmte,viecente,visente
víctor	vctor,vicotr,victior,victo,victoa,victro,vicyor,viictor,visctor,vistor,vivctor,vixctor,vixtor,voctor,vuictor
victoria	vivtoria
vides	vide,videz
viedma	vieda
viguéz	viguie
villa	vila
villabón	villabon
villafañe	billafañi
villafrades	villafrader,villafradez
villagrán	villagron
villalba	vilalba,villava
villalobos	villabos,villalovos
villalva	villalua
villamarín	villkamarin
villamil	vellamil,viillamil,villami,villamill,villamin,villamir,villanil,viullamil
villamizar	vilalmizar,villamicar
villamor	villamol
villanueva	villanueba,villanuieva,villklanueva
villaquirán	villaquiran
villareal	villaruel
villate	vilalte,vilate,villater,villatte
villesca	villescas
villescas	villezcas
villeta	villita
vinchery	nichery,vichery,vincherry
virgilio	birgilio,virigilio,vrigilio
virginia	verginia,virgunia,virtinia
virgues	virguesz
virguez	birguez
virviescas	virviesca
visitación	visitaciom,visitasion
viviescas	visviescas,viviezcas
vladimir	dladimir,gladymir
vogell	vogeli
wagner	wager
waked	wakeo
waldo	wladlo
walter	waltrer
walteros	waltero,walterosc,walters,wlteros,wualteros
walther	wather
wenceslado	wenseslado
wenceslao	wencislao,wenselao
widerkehr	widerkely
wilches	wiches,wilchaz,wilche,wilchhez,wlches
wilfrido	vilfrido
william	wiiliam,wilian,wiliiam,williame,williamn,willlian,willwiam,wlliam,wuiliam,wuilliam,wuillian
willinton	williton
wilman	wilmqan,wuilman
wilmer	wlimer
wilson	wildon,willson,wilso,wilsom,wison,wiulson,wuilson
wiston	witton
wittingham	wintingan
wittinghan	wittinhan,wuitthigan
xavier	savier
ximena	sixmena
yackeline	yanckeline
yagama	yagana
yalile	eyalile
yamile	yamylle
yaneth	yanteth,yatneth
yanid	yanif
yanira	eyanira
yaqueline	yaquiline
yaquive	yaguive,yaquire
yaride	yarife
yasmín	yasmyn
yavé	yabe
yazmin	yezmin
yen	eyen
yenny	yemny,yennyy
yesenia	yasenia,yesecnia
yesid	eyesid,yasid,yesis
yezenia	eyzenia
yilcen	yilccen
yimmy	yinmy
yisela	yiosela
yohana	yofana
yolanda	tolanda,yolandda
yolima	jolima,yoliman
young	younp
yovany	yavany
yunis	yunia
zambrano	sambraño,sanbrano,zamabrano,zambano,zambarno,zambrana,zanbrano
zamora	samora,zamara,zammora,zmora
zamudio	zamidio
zanguña	zunguna
zárate	sarate,zarazte,zarrate
zaraza	zarasa,zarazo
zenaida	zanaida
zipa	sipa
zocimo	zosimo
zoila	zoilar,zolia
zoraida	saraida
zorro	sorro,zooro,zosrro
zotaquirá	zotaquirta
zubieta	zuabieta,zubuieta
zulema	zulerma
zuleta	zuletz
zuluaga	suluaga
zúñiga	zañiga,zuniga
zuria	zzuria
